Source,Target,Type,Id,Label,timeset,Weight
1,8,Undirected,0,,,2
1,24,Undirected,1,,,2
1,35,Undirected,2,,,2
1,42,Undirected,3,,,2
1,46,Undirected,4,,,2
1,60,Undirected,5,,,2
1,74,Undirected,6,,,2
1,78,Undirected,7,,,2
1,81,Undirected,8,,,2
1,95,Undirected,9,,,2
1,98,Undirected,10,,,2
1,99,Undirected,11,,,2
1,100,Undirected,12,,,2
1,101,Undirected,13,,,2
1,103,Undirected,14,,,2
1,104,Undirected,15,,,2
1,108,Undirected,16,,,2
1,131,Undirected,17,,,2
1,132,Undirected,18,,,2
1,154,Undirected,19,,,2
1,159,Undirected,20,,,2
1,168,Undirected,21,,,2
1,171,Undirected,22,,,2
2,14,Undirected,23,,,2
2,54,Undirected,24,,,2
2,150,Undirected,25,,,2
3,115,Undirected,26,,,2
3,153,Undirected,27,,,2
3,167,Undirected,28,,,2
3,172,Undirected,29,,,2
4,5,Undirected,30,,,2
4,13,Undirected,31,,,2
4,26,Undirected,32,,,2
4,77,Undirected,33,,,2
4,85,Undirected,34,,,2
4,102,Undirected,35,,,2
4,138,Undirected,36,,,2
4,147,Undirected,37,,,2
4,153,Undirected,38,,,2
4,156,Undirected,39,,,2
4,167,Undirected,40,,,2
4,169,Undirected,41,,,2
4,172,Undirected,42,,,2
4,173,Undirected,43,,,2
4,176,Undirected,44,,,2
4,189,Undirected,45,,,2
5,13,Undirected,47,,,2
5,19,Undirected,48,,,2
5,21,Undirected,49,,,2
5,26,Undirected,50,,,2
5,27,Undirected,51,,,2
5,28,Undirected,52,,,2
5,29,Undirected,53,,,2
5,51,Undirected,54,,,2
5,53,Undirected,55,,,2
5,54,Undirected,56,,,2
5,57,Undirected,57,,,2
5,73,Undirected,58,,,2
5,75,Undirected,59,,,2
5,76,Undirected,60,,,2
5,77,Undirected,61,,,2
5,79,Undirected,62,,,2
5,85,Undirected,63,,,2
5,86,Undirected,64,,,2
5,90,Undirected,65,,,2
5,96,Undirected,66,,,2
5,97,Undirected,67,,,2
5,102,Undirected,68,,,2
5,124,Undirected,69,,,2
5,126,Undirected,70,,,2
5,128,Undirected,71,,,2
5,136,Undirected,72,,,2
5,138,Undirected,73,,,2
5,140,Undirected,74,,,2
5,144,Undirected,75,,,2
5,147,Undirected,76,,,2
5,149,Undirected,77,,,2
5,153,Undirected,78,,,2
5,155,Undirected,79,,,2
5,156,Undirected,80,,,2
5,163,Undirected,81,,,2
5,167,Undirected,82,,,2
5,169,Undirected,83,,,2
5,172,Undirected,84,,,2
5,173,Undirected,85,,,2
5,176,Undirected,86,,,2
5,189,Undirected,87,,,2
5,191,Undirected,88,,,2
5,194,Undirected,89,,,2
5,196,Undirected,90,,,2
5,197,Undirected,91,,,2
6,152,Undirected,92,,,2
6,157,Undirected,93,,,2
7,10,Undirected,94,,,2
7,11,Undirected,95,,,2
7,14,Undirected,96,,,2
7,19,Undirected,97,,,2
7,36,Undirected,98,,,2
7,49,Undirected,99,,,2
7,53,Undirected,100,,,2
7,55,Undirected,101,,,2
7,56,Undirected,102,,,2
7,57,Undirected,103,,,2
7,60,Undirected,104,,,2
7,61,Undirected,105,,,2
7,67,Undirected,106,,,2
7,69,Undirected,107,,,2
7,70,Undirected,108,,,2
7,71,Undirected,109,,,2
7,72,Undirected,110,,,2
7,74,Undirected,111,,,2
7,81,Undirected,112,,,2
7,83,Undirected,113,,,2
7,87,Undirected,114,,,2
7,93,Undirected,115,,,2
7,94,Undirected,116,,,2
7,95,Undirected,117,,,2
7,103,Undirected,118,,,2
7,108,Undirected,119,,,2
7,111,Undirected,120,,,2
7,112,Undirected,121,,,2
7,113,Undirected,122,,,2
7,114,Undirected,123,,,2
7,122,Undirected,124,,,2
7,125,Undirected,125,,,2
7,127,Undirected,126,,,2
7,129,Undirected,127,,,2
7,130,Undirected,128,,,2
7,132,Undirected,129,,,2
7,136,Undirected,130,,,2
7,141,Undirected,131,,,2
7,146,Undirected,132,,,2
7,150,Undirected,133,,,2
7,151,Undirected,134,,,2
7,158,Undirected,135,,,2
7,161,Undirected,136,,,2
7,164,Undirected,137,,,2
7,168,Undirected,138,,,2
7,170,Undirected,139,,,2
7,171,Undirected,140,,,2
7,177,Undirected,141,,,2
7,178,Undirected,142,,,2
7,185,Undirected,143,,,2
7,190,Undirected,144,,,2
7,192,Undirected,145,,,2
7,193,Undirected,146,,,2
7,194,Undirected,147,,,2
7,195,Undirected,148,,,2
7,196,Undirected,149,,,2
7,197,Undirected,150,,,2
8,35,Undirected,152,,,2
8,46,Undirected,153,,,2
8,60,Undirected,154,,,2
8,89,Undirected,155,,,2
8,95,Undirected,156,,,2
8,98,Undirected,157,,,2
8,99,Undirected,158,,,2
8,100,Undirected,159,,,2
8,101,Undirected,160,,,2
8,110,Undirected,161,,,2
8,118,Undirected,162,,,2
8,121,Undirected,163,,,2
8,131,Undirected,164,,,2
8,132,Undirected,165,,,2
8,136,Undirected,166,,,2
8,142,Undirected,167,,,2
8,154,Undirected,168,,,2
8,168,Undirected,169,,,2
8,171,Undirected,170,,,2
8,174,Undirected,171,,,2
9,11,Undirected,172,,,2
9,23,Undirected,173,,,2
9,32,Undirected,174,,,2
9,38,Undirected,175,,,2
9,71,Undirected,176,,,2
9,80,Undirected,177,,,2
9,111,Undirected,178,,,2
9,116,Undirected,179,,,2
9,117,Undirected,180,,,2
9,118,Undirected,181,,,2
9,121,Undirected,182,,,2
9,122,Undirected,183,,,2
9,135,Undirected,184,,,2
9,137,Undirected,185,,,2
9,139,Undirected,186,,,2
9,153,Undirected,187,,,2
9,162,Undirected,188,,,2
9,168,Undirected,189,,,2
9,179,Undirected,190,,,2
9,189,Undirected,191,,,2
10,11,Undirected,193,,,2
10,14,Undirected,194,,,2
10,49,Undirected,195,,,2
10,53,Undirected,196,,,2
10,57,Undirected,197,,,2
10,60,Undirected,198,,,2
10,61,Undirected,199,,,2
10,69,Undirected,200,,,2
10,70,Undirected,201,,,2
10,71,Undirected,202,,,2
10,74,Undirected,203,,,2
10,87,Undirected,204,,,2
10,103,Undirected,205,,,2
10,112,Undirected,206,,,2
10,113,Undirected,207,,,2
10,114,Undirected,208,,,2
10,127,Undirected,209,,,2
10,130,Undirected,210,,,2
10,141,Undirected,211,,,2
10,151,Undirected,212,,,2
10,158,Undirected,213,,,2
10,161,Undirected,214,,,2
10,164,Undirected,215,,,2
10,192,Undirected,216,,,2
10,195,Undirected,217,,,2
10,196,Undirected,218,,,2
11,23,Undirected,222,,,2
11,32,Undirected,223,,,2
11,38,Undirected,224,,,2
11,49,Undirected,225,,,2
11,53,Undirected,226,,,2
11,57,Undirected,227,,,2
11,71,Undirected,228,,,2
11,80,Undirected,229,,,2
11,112,Undirected,230,,,2
11,113,Undirected,231,,,2
11,114,Undirected,232,,,2
11,135,Undirected,233,,,2
11,139,Undirected,234,,,2
11,158,Undirected,235,,,2
11,161,Undirected,236,,,2
11,162,Undirected,237,,,2
11,164,Undirected,238,,,2
11,179,Undirected,239,,,2
11,189,Undirected,240,,,2
11,196,Undirected,241,,,2
12,18,Undirected,242,,,2
12,19,Undirected,243,,,2
12,31,Undirected,244,,,2
12,49,Undirected,245,,,2
12,53,Undirected,246,,,2
12,54,Undirected,247,,,2
12,55,Undirected,248,,,2
12,56,Undirected,249,,,2
12,57,Undirected,250,,,2
12,60,Undirected,251,,,2
12,61,Undirected,252,,,2
12,71,Undirected,253,,,2
12,73,Undirected,254,,,2
12,83,Undirected,255,,,2
12,114,Undirected,256,,,2
12,129,Undirected,257,,,2
12,170,Undirected,258,,,2
12,194,Undirected,259,,,2
12,195,Undirected,260,,,2
12,196,Undirected,261,,,2
12,197,Undirected,262,,,2
13,25,Undirected,265,,,2
13,26,Undirected,266,,,2
13,28,Undirected,267,,,2
13,73,Undirected,268,,,2
13,85,Undirected,269,,,2
13,86,Undirected,270,,,2
13,92,Undirected,271,,,2
13,102,Undirected,272,,,2
13,128,Undirected,273,,,2
13,140,Undirected,274,,,2
13,147,Undirected,275,,,2
13,148,Undirected,276,,,2
13,149,Undirected,277,,,2
13,153,Undirected,278,,,2
13,155,Undirected,279,,,2
13,156,Undirected,280,,,2
13,167,Undirected,281,,,2
13,169,Undirected,282,,,2
13,172,Undirected,283,,,2
13,173,Undirected,284,,,2
13,176,Undirected,285,,,2
13,189,Undirected,286,,,2
13,191,Undirected,287,,,2
14,54,Undirected,291,,,2
14,60,Undirected,292,,,2
14,61,Undirected,293,,,2
14,69,Undirected,294,,,2
14,70,Undirected,295,,,2
14,87,Undirected,296,,,2
14,96,Undirected,297,,,2
14,112,Undirected,298,,,2
14,114,Undirected,299,,,2
14,127,Undirected,300,,,2
14,130,Undirected,301,,,2
14,141,Undirected,302,,,2
14,150,Undirected,303,,,2
14,151,Undirected,304,,,2
14,158,Undirected,305,,,2
14,161,Undirected,306,,,2
14,164,Undirected,307,,,2
14,185,Undirected,308,,,2
14,186,Undirected,309,,,2
14,192,Undirected,310,,,2
14,194,Undirected,311,,,2
14,195,Undirected,312,,,2
15,16,Undirected,313,,,2
15,24,Undirected,314,,,2
15,48,Undirected,315,,,2
15,81,Undirected,316,,,2
15,91,Undirected,317,,,2
15,104,Undirected,318,,,2
15,105,Undirected,319,,,2
15,107,Undirected,320,,,2
16,24,Undirected,322,,,2
16,48,Undirected,323,,,2
16,78,Undirected,324,,,2
16,81,Undirected,325,,,2
16,91,Undirected,326,,,2
16,104,Undirected,327,,,2
16,105,Undirected,328,,,2
16,107,Undirected,329,,,2
17,62,Undirected,330,,,2
17,136,Undirected,331,,,2
18,19,Undirected,333,,,2
18,29,Undirected,334,,,2
18,31,Undirected,335,,,2
18,50,Undirected,336,,,2
18,53,Undirected,337,,,2
18,54,Undirected,338,,,2
18,55,Undirected,339,,,2
18,56,Undirected,340,,,2
18,57,Undirected,341,,,2
18,60,Undirected,342,,,2
18,61,Undirected,343,,,2
18,73,Undirected,344,,,2
18,77,Undirected,345,,,2
18,86,Undirected,346,,,2
18,88,Undirected,347,,,2
18,90,Undirected,348,,,2
18,96,Undirected,349,,,2
18,114,Undirected,350,,,2
18,128,Undirected,351,,,2
18,129,Undirected,352,,,2
18,131,Undirected,353,,,2
18,132,Undirected,354,,,2
18,136,Undirected,355,,,2
18,140,Undirected,356,,,2
18,147,Undirected,357,,,2
18,149,Undirected,358,,,2
18,158,Undirected,359,,,2
18,167,Undirected,360,,,2
18,172,Undirected,361,,,2
18,183,Undirected,362,,,2
18,184,Undirected,363,,,2
18,191,Undirected,364,,,2
18,194,Undirected,365,,,2
18,195,Undirected,366,,,2
18,196,Undirected,367,,,2
18,197,Undirected,368,,,2
19,20,Undirected,373,,,2
19,31,Undirected,374,,,2
19,49,Undirected,375,,,2
19,53,Undirected,376,,,2
19,54,Undirected,377,,,2
19,55,Undirected,378,,,2
19,56,Undirected,379,,,2
19,57,Undirected,380,,,2
19,60,Undirected,381,,,2
19,61,Undirected,382,,,2
19,70,Undirected,383,,,2
19,129,Undirected,384,,,2
19,130,Undirected,385,,,2
19,136,Undirected,386,,,2
19,185,Undirected,387,,,2
19,192,Undirected,388,,,2
19,194,Undirected,389,,,2
19,195,Undirected,390,,,2
19,196,Undirected,391,,,2
19,197,Undirected,392,,,2
20,24,Undirected,394,,,2
20,60,Undirected,395,,,2
20,70,Undirected,396,,,2
20,78,Undirected,397,,,2
20,80,Undirected,398,,,2
20,87,Undirected,399,,,2
20,136,Undirected,400,,,2
20,137,Undirected,401,,,2
20,158,Undirected,402,,,2
20,168,Undirected,403,,,2
22,43,Undirected,405,,,2
22,81,Undirected,406,,,2
22,83,Undirected,407,,,2
22,98,Undirected,408,,,2
22,99,Undirected,409,,,2
22,100,Undirected,410,,,2
22,101,Undirected,411,,,2
22,105,Undirected,412,,,2
22,108,Undirected,413,,,2
22,131,Undirected,414,,,2
22,132,Undirected,415,,,2
22,136,Undirected,416,,,2
22,164,Undirected,417,,,2
22,170,Undirected,418,,,2
22,174,Undirected,419,,,2
22,178,Undirected,420,,,2
22,182,Undirected,421,,,2
22,194,Undirected,422,,,2
22,197,Undirected,423,,,2
23,32,Undirected,426,,,2
23,38,Undirected,427,,,2
23,60,Undirected,428,,,2
23,80,Undirected,429,,,2
23,111,Undirected,430,,,2
23,135,Undirected,431,,,2
23,139,Undirected,432,,,2
23,162,Undirected,433,,,2
23,168,Undirected,434,,,2
23,179,Undirected,435,,,2
23,189,Undirected,436,,,2
24,35,Undirected,441,,,2
24,42,Undirected,442,,,2
24,43,Undirected,443,,,2
24,46,Undirected,444,,,2
24,48,Undirected,445,,,2
24,60,Undirected,446,,,2
24,74,Undirected,447,,,2
24,78,Undirected,448,,,2
24,80,Undirected,449,,,2
24,81,Undirected,450,,,2
24,91,Undirected,451,,,2
24,99,Undirected,452,,,2
24,100,Undirected,453,,,2
24,103,Undirected,454,,,2
24,104,Undirected,455,,,2
24,105,Undirected,456,,,2
24,107,Undirected,457,,,2
24,108,Undirected,458,,,2
24,132,Undirected,459,,,2
24,136,Undirected,460,,,2
24,154,Undirected,461,,,2
24,168,Undirected,462,,,2
24,171,Undirected,463,,,2
24,174,Undirected,464,,,2
24,182,Undirected,465,,,2
25,92,Undirected,467,,,2
25,117,Undirected,468,,,2
25,148,Undirected,469,,,2
25,149,Undirected,470,,,2
25,153,Undirected,471,,,2
26,28,Undirected,475,,,2
26,29,Undirected,476,,,2
26,73,Undirected,477,,,2
26,77,Undirected,478,,,2
26,85,Undirected,479,,,2
26,86,Undirected,480,,,2
26,90,Undirected,481,,,2
26,96,Undirected,482,,,2
26,102,Undirected,483,,,2
26,124,Undirected,484,,,2
26,128,Undirected,485,,,2
26,138,Undirected,486,,,2
26,140,Undirected,487,,,2
26,147,Undirected,488,,,2
26,149,Undirected,489,,,2
26,153,Undirected,490,,,2
26,155,Undirected,491,,,2
26,156,Undirected,492,,,2
26,167,Undirected,493,,,2
26,169,Undirected,494,,,2
26,172,Undirected,495,,,2
26,173,Undirected,496,,,2
26,176,Undirected,497,,,2
26,178,Undirected,498,,,2
26,184,Undirected,499,,,2
26,189,Undirected,500,,,2
26,191,Undirected,501,,,2
26,198,Undirected,502,,,2
27,29,Undirected,504,,,2
27,51,Undirected,505,,,2
27,76,Undirected,506,,,2
27,96,Undirected,507,,,2
27,126,Undirected,508,,,2
27,128,Undirected,509,,,2
27,144,Undirected,510,,,2
27,147,Undirected,511,,,2
27,149,Undirected,512,,,2
27,153,Undirected,513,,,2
27,167,Undirected,514,,,2
27,172,Undirected,515,,,2
28,29,Undirected,519,,,2
28,73,Undirected,520,,,2
28,77,Undirected,521,,,2
28,85,Undirected,522,,,2
28,86,Undirected,523,,,2
28,90,Undirected,524,,,2
28,96,Undirected,525,,,2
28,102,Undirected,526,,,2
28,124,Undirected,527,,,2
28,128,Undirected,528,,,2
28,138,Undirected,529,,,2
28,140,Undirected,530,,,2
28,147,Undirected,531,,,2
28,149,Undirected,532,,,2
28,153,Undirected,533,,,2
28,155,Undirected,534,,,2
28,156,Undirected,535,,,2
28,167,Undirected,536,,,2
28,172,Undirected,537,,,2
28,173,Undirected,538,,,2
28,176,Undirected,539,,,2
28,184,Undirected,540,,,2
28,189,Undirected,541,,,2
28,191,Undirected,542,,,2
28,198,Undirected,543,,,2
29,51,Undirected,549,,,2
29,73,Undirected,550,,,2
29,76,Undirected,551,,,2
29,77,Undirected,552,,,2
29,86,Undirected,553,,,2
29,88,Undirected,554,,,2
29,90,Undirected,555,,,2
29,96,Undirected,556,,,2
29,97,Undirected,557,,,2
29,124,Undirected,558,,,2
29,126,Undirected,559,,,2
29,128,Undirected,560,,,2
29,136,Undirected,561,,,2
29,138,Undirected,562,,,2
29,140,Undirected,563,,,2
29,144,Undirected,564,,,2
29,147,Undirected,565,,,2
29,149,Undirected,566,,,2
29,153,Undirected,567,,,2
29,167,Undirected,568,,,2
29,169,Undirected,569,,,2
29,172,Undirected,570,,,2
29,176,Undirected,571,,,2
29,184,Undirected,572,,,2
29,191,Undirected,573,,,2
29,198,Undirected,574,,,2
30,34,Undirected,575,,,2
31,32,Undirected,579,,,2
31,53,Undirected,580,,,2
31,54,Undirected,581,,,2
31,55,Undirected,582,,,2
31,56,Undirected,583,,,2
31,57,Undirected,584,,,2
31,60,Undirected,585,,,2
31,61,Undirected,586,,,2
31,106,Undirected,587,,,2
31,111,Undirected,588,,,2
31,123,Undirected,589,,,2
31,129,Undirected,590,,,2
31,170,Undirected,591,,,2
31,194,Undirected,592,,,2
31,195,Undirected,593,,,2
31,196,Undirected,594,,,2
31,197,Undirected,595,,,2
32,33,Undirected,600,,,2
32,35,Undirected,601,,,2
32,38,Undirected,602,,,2
32,40,Undirected,603,,,2
32,44,Undirected,604,,,2
32,58,Undirected,605,,,2
32,60,Undirected,606,,,2
32,61,Undirected,607,,,2
32,62,Undirected,608,,,2
32,63,Undirected,609,,,2
32,64,Undirected,610,,,2
32,65,Undirected,611,,,2
32,66,Undirected,612,,,2
32,80,Undirected,613,,,2
32,91,Undirected,614,,,2
32,98,Undirected,615,,,2
32,99,Undirected,616,,,2
32,100,Undirected,617,,,2
32,101,Undirected,618,,,2
32,105,Undirected,619,,,2
32,106,Undirected,620,,,2
32,107,Undirected,621,,,2
32,108,Undirected,622,,,2
32,109,Undirected,623,,,2
32,110,Undirected,624,,,2
32,111,Undirected,625,,,2
32,122,Undirected,626,,,2
32,123,Undirected,627,,,2
32,131,Undirected,628,,,2
32,132,Undirected,629,,,2
32,135,Undirected,630,,,2
32,139,Undirected,631,,,2
32,154,Undirected,632,,,2
32,162,Undirected,633,,,2
32,168,Undirected,634,,,2
32,179,Undirected,635,,,2
32,189,Undirected,636,,,2
33,35,Undirected,638,,,2
33,38,Undirected,639,,,2
33,40,Undirected,640,,,2
33,44,Undirected,641,,,2
33,58,Undirected,642,,,2
33,60,Undirected,643,,,2
33,62,Undirected,644,,,2
33,63,Undirected,645,,,2
33,64,Undirected,646,,,2
33,65,Undirected,647,,,2
33,66,Undirected,648,,,2
33,91,Undirected,649,,,2
33,98,Undirected,650,,,2
33,99,Undirected,651,,,2
33,100,Undirected,652,,,2
33,101,Undirected,653,,,2
33,105,Undirected,654,,,2
33,106,Undirected,655,,,2
33,107,Undirected,656,,,2
33,108,Undirected,657,,,2
33,109,Undirected,658,,,2
33,110,Undirected,659,,,2
33,116,Undirected,660,,,2
33,119,Undirected,661,,,2
33,122,Undirected,662,,,2
33,123,Undirected,663,,,2
33,131,Undirected,664,,,2
33,132,Undirected,665,,,2
33,134,Undirected,666,,,2
33,135,Undirected,667,,,2
33,154,Undirected,668,,,2
33,168,Undirected,669,,,2
33,179,Undirected,670,,,2
34,70,Undirected,672,,,2
34,83,Undirected,673,,,2
34,192,Undirected,674,,,2
35,40,Undirected,680,,,2
35,44,Undirected,681,,,2
35,46,Undirected,682,,,2
35,58,Undirected,683,,,2
35,60,Undirected,684,,,2
35,62,Undirected,685,,,2
35,63,Undirected,686,,,2
35,64,Undirected,687,,,2
35,65,Undirected,688,,,2
35,66,Undirected,689,,,2
35,68,Undirected,690,,,2
35,74,Undirected,691,,,2
35,78,Undirected,692,,,2
35,95,Undirected,693,,,2
35,98,Undirected,694,,,2
35,99,Undirected,695,,,2
35,100,Undirected,696,,,2
35,101,Undirected,697,,,2
35,103,Undirected,698,,,2
35,104,Undirected,699,,,2
35,105,Undirected,700,,,2
35,106,Undirected,701,,,2
35,107,Undirected,702,,,2
35,108,Undirected,703,,,2
35,109,Undirected,704,,,2
35,110,Undirected,705,,,2
35,122,Undirected,706,,,2
35,123,Undirected,707,,,2
35,131,Undirected,708,,,2
35,132,Undirected,709,,,2
35,135,Undirected,710,,,2
35,154,Undirected,711,,,2
35,166,Undirected,712,,,2
35,168,Undirected,713,,,2
35,170,Undirected,714,,,2
35,171,Undirected,715,,,2
35,179,Undirected,716,,,2
35,187,Undirected,717,,,2
36,49,Undirected,719,,,2
36,53,Undirected,720,,,2
36,54,Undirected,721,,,2
36,55,Undirected,722,,,2
36,56,Undirected,723,,,2
36,60,Undirected,724,,,2
36,67,Undirected,725,,,2
36,70,Undirected,726,,,2
36,72,Undirected,727,,,2
36,81,Undirected,728,,,2
36,83,Undirected,729,,,2
36,87,Undirected,730,,,2
36,129,Undirected,731,,,2
36,150,Undirected,732,,,2
36,158,Undirected,733,,,2
36,161,Undirected,734,,,2
36,164,Undirected,735,,,2
36,170,Undirected,736,,,2
36,174,Undirected,737,,,2
36,178,Undirected,738,,,2
36,192,Undirected,739,,,2
36,194,Undirected,740,,,2
36,195,Undirected,741,,,2
36,196,Undirected,742,,,2
36,197,Undirected,743,,,2
37,90,Undirected,744,,,2
37,133,Undirected,745,,,2
37,153,Undirected,746,,,2
37,155,Undirected,747,,,2
37,180,Undirected,748,,,2
38,40,Undirected,754,,,2
38,44,Undirected,755,,,2
38,63,Undirected,756,,,2
38,80,Undirected,757,,,2
38,91,Undirected,758,,,2
38,105,Undirected,759,,,2
38,116,Undirected,760,,,2
38,119,Undirected,761,,,2
38,134,Undirected,762,,,2
38,135,Undirected,763,,,2
38,139,Undirected,764,,,2
38,162,Undirected,765,,,2
38,179,Undirected,766,,,2
38,189,Undirected,767,,,2
39,51,Undirected,768,,,2
39,80,Undirected,769,,,2
39,116,Undirected,770,,,2
39,149,Undirected,771,,,2
39,153,Undirected,772,,,2
39,181,Undirected,773,,,2
40,44,Undirected,778,,,2
40,58,Undirected,779,,,2
40,60,Undirected,780,,,2
40,62,Undirected,781,,,2
40,63,Undirected,782,,,2
40,64,Undirected,783,,,2
40,65,Undirected,784,,,2
40,66,Undirected,785,,,2
40,91,Undirected,786,,,2
40,98,Undirected,787,,,2
40,99,Undirected,788,,,2
40,100,Undirected,789,,,2
40,101,Undirected,790,,,2
40,105,Undirected,791,,,2
40,106,Undirected,792,,,2
40,107,Undirected,793,,,2
40,108,Undirected,794,,,2
40,109,Undirected,795,,,2
40,110,Undirected,796,,,2
40,116,Undirected,797,,,2
40,119,Undirected,798,,,2
40,122,Undirected,799,,,2
40,123,Undirected,800,,,2
40,131,Undirected,801,,,2
40,132,Undirected,802,,,2
40,134,Undirected,803,,,2
40,135,Undirected,804,,,2
40,154,Undirected,805,,,2
40,168,Undirected,806,,,2
40,179,Undirected,807,,,2
41,45,Undirected,808,,,2
41,77,Undirected,809,,,2
41,86,Undirected,810,,,2
41,88,Undirected,811,,,2
41,96,Undirected,812,,,2
41,97,Undirected,813,,,2
41,136,Undirected,814,,,2
42,46,Undirected,817,,,2
42,50,Undirected,818,,,2
42,81,Undirected,819,,,2
42,104,Undirected,820,,,2
42,106,Undirected,821,,,2
42,123,Undirected,822,,,2
42,136,Undirected,823,,,2
42,159,Undirected,824,,,2
42,182,Undirected,825,,,2
42,183,Undirected,826,,,2
43,59,Undirected,829,,,2
43,78,Undirected,830,,,2
43,81,Undirected,831,,,2
43,82,Undirected,832,,,2
43,83,Undirected,833,,,2
43,98,Undirected,834,,,2
43,99,Undirected,835,,,2
43,100,Undirected,836,,,2
43,101,Undirected,837,,,2
43,105,Undirected,838,,,2
43,108,Undirected,839,,,2
43,118,Undirected,840,,,2
43,121,Undirected,841,,,2
43,122,Undirected,842,,,2
43,131,Undirected,843,,,2
43,132,Undirected,844,,,2
43,136,Undirected,845,,,2
43,143,Undirected,846,,,2
43,158,Undirected,847,,,2
43,162,Undirected,848,,,2
43,164,Undirected,849,,,2
43,170,Undirected,850,,,2
43,174,Undirected,851,,,2
43,178,Undirected,852,,,2
43,182,Undirected,853,,,2
43,194,Undirected,854,,,2
43,197,Undirected,855,,,2
44,50,Undirected,861,,,2
44,58,Undirected,862,,,2
44,60,Undirected,863,,,2
44,62,Undirected,864,,,2
44,63,Undirected,865,,,2
44,64,Undirected,866,,,2
44,65,Undirected,867,,,2
44,66,Undirected,868,,,2
44,68,Undirected,869,,,2
44,91,Undirected,870,,,2
44,98,Undirected,871,,,2
44,99,Undirected,872,,,2
44,100,Undirected,873,,,2
44,101,Undirected,874,,,2
44,105,Undirected,875,,,2
44,106,Undirected,876,,,2
44,107,Undirected,877,,,2
44,108,Undirected,878,,,2
44,109,Undirected,879,,,2
44,110,Undirected,880,,,2
44,122,Undirected,881,,,2
44,123,Undirected,882,,,2
44,131,Undirected,883,,,2
44,132,Undirected,884,,,2
44,135,Undirected,885,,,2
44,139,Undirected,886,,,2
44,154,Undirected,887,,,2
44,166,Undirected,888,,,2
44,168,Undirected,889,,,2
44,171,Undirected,890,,,2
44,179,Undirected,891,,,2
44,187,Undirected,892,,,2
45,77,Undirected,894,,,2
45,86,Undirected,895,,,2
45,88,Undirected,896,,,2
45,96,Undirected,897,,,2
45,97,Undirected,898,,,2
45,136,Undirected,899,,,2
46,50,Undirected,905,,,2
46,60,Undirected,906,,,2
46,81,Undirected,907,,,2
46,95,Undirected,908,,,2
46,98,Undirected,909,,,2
46,99,Undirected,910,,,2
46,100,Undirected,911,,,2
46,101,Undirected,912,,,2
46,104,Undirected,913,,,2
46,106,Undirected,914,,,2
46,123,Undirected,915,,,2
46,131,Undirected,916,,,2
46,132,Undirected,917,,,2
46,154,Undirected,918,,,2
46,159,Undirected,919,,,2
46,168,Undirected,920,,,2
46,171,Undirected,921,,,2
46,183,Undirected,922,,,2
47,155,Undirected,923,,,2
47,167,Undirected,924,,,2
47,180,Undirected,925,,,2
48,81,Undirected,929,,,2
48,91,Undirected,930,,,2
48,104,Undirected,931,,,2
48,105,Undirected,932,,,2
48,107,Undirected,933,,,2
49,52,Undirected,940,,,2
49,53,Undirected,941,,,2
49,54,Undirected,942,,,2
49,57,Undirected,943,,,2
49,60,Undirected,944,,,2
49,67,Undirected,945,,,2
49,69,Undirected,946,,,2
49,70,Undirected,947,,,2
49,71,Undirected,948,,,2
49,79,Undirected,949,,,2
49,83,Undirected,950,,,2
49,90,Undirected,951,,,2
49,112,Undirected,952,,,2
49,113,Undirected,953,,,2
49,114,Undirected,954,,,2
49,118,Undirected,955,,,2
49,121,Undirected,956,,,2
49,125,Undirected,957,,,2
49,127,Undirected,958,,,2
49,130,Undirected,959,,,2
49,136,Undirected,960,,,2
49,142,Undirected,961,,,2
49,143,Undirected,962,,,2
49,149,Undirected,963,,,2
49,150,Undirected,964,,,2
49,158,Undirected,965,,,2
49,161,Undirected,966,,,2
49,162,Undirected,967,,,2
49,164,Undirected,968,,,2
49,174,Undirected,969,,,2
49,178,Undirected,970,,,2
49,185,Undirected,971,,,2
49,192,Undirected,972,,,2
49,194,Undirected,973,,,2
49,195,Undirected,974,,,2
49,196,Undirected,975,,,2
50,53,Undirected,980,,,2
50,56,Undirected,981,,,2
50,60,Undirected,982,,,2
50,64,Undirected,983,,,2
50,65,Undirected,984,,,2
50,66,Undirected,985,,,2
50,68,Undirected,986,,,2
50,81,Undirected,987,,,2
50,88,Undirected,988,,,2
50,106,Undirected,989,,,2
50,110,Undirected,990,,,2
50,111,Undirected,991,,,2
50,114,Undirected,992,,,2
50,123,Undirected,993,,,2
50,131,Undirected,994,,,2
50,132,Undirected,995,,,2
50,139,Undirected,996,,,2
50,158,Undirected,997,,,2
50,166,Undirected,998,,,2
50,168,Undirected,999,,,2
50,179,Undirected,1000,,,2
50,183,Undirected,1001,,,2
50,196,Undirected,1002,,,2
51,75,Undirected,1007,,,2
51,76,Undirected,1008,,,2
51,79,Undirected,1009,,,2
51,96,Undirected,1010,,,2
51,126,Undirected,1011,,,2
51,128,Undirected,1012,,,2
51,136,Undirected,1013,,,2
51,144,Undirected,1014,,,2
51,147,Undirected,1015,,,2
51,149,Undirected,1016,,,2
51,153,Undirected,1017,,,2
51,167,Undirected,1018,,,2
51,172,Undirected,1019,,,2
51,174,Undirected,1020,,,2
51,181,Undirected,1021,,,2
52,53,Undirected,1023,,,2
52,60,Undirected,1024,,,2
52,83,Undirected,1025,,,2
52,88,Undirected,1026,,,2
52,196,Undirected,1027,,,2
53,54,Undirected,1040,,,2
53,55,Undirected,1041,,,2
53,56,Undirected,1042,,,2
53,57,Undirected,1043,,,2
53,60,Undirected,1044,,,2
53,61,Undirected,1045,,,2
53,67,Undirected,1046,,,2
53,71,Undirected,1047,,,2
53,81,Undirected,1048,,,2
53,83,Undirected,1049,,,2
53,88,Undirected,1050,,,2
53,111,Undirected,1051,,,2
53,112,Undirected,1052,,,2
53,113,Undirected,1053,,,2
53,114,Undirected,1054,,,2
53,129,Undirected,1055,,,2
53,131,Undirected,1056,,,2
53,132,Undirected,1057,,,2
53,149,Undirected,1058,,,2
53,150,Undirected,1059,,,2
53,158,Undirected,1060,,,2
53,161,Undirected,1061,,,2
53,164,Undirected,1062,,,2
53,170,Undirected,1063,,,2
53,178,Undirected,1064,,,2
53,183,Undirected,1065,,,2
53,194,Undirected,1066,,,2
53,195,Undirected,1067,,,2
53,196,Undirected,1068,,,2
53,197,Undirected,1069,,,2
54,55,Undirected,1080,,,2
54,56,Undirected,1081,,,2
54,57,Undirected,1082,,,2
54,60,Undirected,1083,,,2
54,61,Undirected,1084,,,2
54,67,Undirected,1085,,,2
54,69,Undirected,1086,,,2
54,70,Undirected,1087,,,2
54,83,Undirected,1088,,,2
54,87,Undirected,1089,,,2
54,93,Undirected,1090,,,2
54,94,Undirected,1091,,,2
54,96,Undirected,1092,,,2
54,111,Undirected,1093,,,2
54,125,Undirected,1094,,,2
54,129,Undirected,1095,,,2
54,130,Undirected,1096,,,2
54,146,Undirected,1097,,,2
54,149,Undirected,1098,,,2
54,150,Undirected,1099,,,2
54,158,Undirected,1100,,,2
54,161,Undirected,1101,,,2
54,164,Undirected,1102,,,2
54,168,Undirected,1103,,,2
54,170,Undirected,1104,,,2
54,174,Undirected,1105,,,2
54,177,Undirected,1106,,,2
54,178,Undirected,1107,,,2
54,186,Undirected,1108,,,2
54,190,Undirected,1109,,,2
54,192,Undirected,1110,,,2
54,193,Undirected,1111,,,2
54,194,Undirected,1112,,,2
54,195,Undirected,1113,,,2
54,196,Undirected,1114,,,2
54,197,Undirected,1115,,,2
55,56,Undirected,1124,,,2
55,57,Undirected,1125,,,2
55,60,Undirected,1126,,,2
55,61,Undirected,1127,,,2
55,67,Undirected,1128,,,2
55,81,Undirected,1129,,,2
55,83,Undirected,1130,,,2
55,129,Undirected,1131,,,2
55,150,Undirected,1132,,,2
55,158,Undirected,1133,,,2
55,164,Undirected,1134,,,2
55,170,Undirected,1135,,,2
55,178,Undirected,1136,,,2
55,194,Undirected,1137,,,2
55,195,Undirected,1138,,,2
55,196,Undirected,1139,,,2
55,197,Undirected,1140,,,2
56,57,Undirected,1151,,,2
56,60,Undirected,1152,,,2
56,61,Undirected,1153,,,2
56,67,Undirected,1154,,,2
56,81,Undirected,1155,,,2
56,83,Undirected,1156,,,2
56,88,Undirected,1157,,,2
56,111,Undirected,1158,,,2
56,114,Undirected,1159,,,2
56,129,Undirected,1160,,,2
56,131,Undirected,1161,,,2
56,132,Undirected,1162,,,2
56,150,Undirected,1163,,,2
56,158,Undirected,1164,,,2
56,164,Undirected,1165,,,2
56,170,Undirected,1166,,,2
56,178,Undirected,1167,,,2
56,183,Undirected,1168,,,2
56,194,Undirected,1169,,,2
56,195,Undirected,1170,,,2
56,196,Undirected,1171,,,2
56,197,Undirected,1172,,,2
57,60,Undirected,1186,,,2
57,61,Undirected,1187,,,2
57,70,Undirected,1188,,,2
57,71,Undirected,1189,,,2
57,83,Undirected,1190,,,2
57,89,Undirected,1191,,,2
57,111,Undirected,1192,,,2
57,112,Undirected,1193,,,2
57,113,Undirected,1194,,,2
57,114,Undirected,1195,,,2
57,121,Undirected,1196,,,2
57,129,Undirected,1197,,,2
57,130,Undirected,1198,,,2
57,136,Undirected,1199,,,2
57,142,Undirected,1200,,,2
57,158,Undirected,1201,,,2
57,161,Undirected,1202,,,2
57,164,Undirected,1203,,,2
57,185,Undirected,1204,,,2
57,192,Undirected,1205,,,2
57,194,Undirected,1206,,,2
57,195,Undirected,1207,,,2
57,196,Undirected,1208,,,2
57,197,Undirected,1209,,,2
58,60,Undirected,1215,,,2
58,62,Undirected,1216,,,2
58,63,Undirected,1217,,,2
58,64,Undirected,1218,,,2
58,65,Undirected,1219,,,2
58,66,Undirected,1220,,,2
58,98,Undirected,1221,,,2
58,99,Undirected,1222,,,2
58,100,Undirected,1223,,,2
58,101,Undirected,1224,,,2
58,105,Undirected,1225,,,2
58,106,Undirected,1226,,,2
58,107,Undirected,1227,,,2
58,108,Undirected,1228,,,2
58,109,Undirected,1229,,,2
58,110,Undirected,1230,,,2
58,122,Undirected,1231,,,2
58,123,Undirected,1232,,,2
58,131,Undirected,1233,,,2
58,132,Undirected,1234,,,2
58,135,Undirected,1235,,,2
58,154,Undirected,1236,,,2
58,162,Undirected,1237,,,2
58,168,Undirected,1238,,,2
58,179,Undirected,1239,,,2
58,187,Undirected,1240,,,2
58,188,Undirected,1241,,,2
59,82,Undirected,1243,,,2
59,99,Undirected,1244,,,2
59,100,Undirected,1245,,,2
59,118,Undirected,1246,,,2
59,121,Undirected,1247,,,2
59,122,Undirected,1248,,,2
59,136,Undirected,1249,,,2
59,143,Undirected,1250,,,2
59,158,Undirected,1251,,,2
59,162,Undirected,1252,,,2
59,174,Undirected,1253,,,2
60,61,Undirected,1282,,,2
60,62,Undirected,1283,,,2
60,63,Undirected,1284,,,2
60,64,Undirected,1285,,,2
60,65,Undirected,1286,,,2
60,66,Undirected,1287,,,2
60,68,Undirected,1288,,,2
60,69,Undirected,1289,,,2
60,70,Undirected,1290,,,2
60,72,Undirected,1291,,,2
60,78,Undirected,1292,,,2
60,80,Undirected,1293,,,2
60,81,Undirected,1294,,,2
60,83,Undirected,1295,,,2
60,88,Undirected,1296,,,2
60,89,Undirected,1297,,,2
60,91,Undirected,1298,,,2
60,93,Undirected,1299,,,2
60,94,Undirected,1300,,,2
60,95,Undirected,1301,,,2
60,98,Undirected,1302,,,2
60,99,Undirected,1303,,,2
60,100,Undirected,1304,,,2
60,101,Undirected,1305,,,2
60,105,Undirected,1306,,,2
60,106,Undirected,1307,,,2
60,107,Undirected,1308,,,2
60,108,Undirected,1309,,,2
60,109,Undirected,1310,,,2
60,110,Undirected,1311,,,2
60,111,Undirected,1312,,,2
60,112,Undirected,1313,,,2
60,114,Undirected,1314,,,2
60,118,Undirected,1315,,,2
60,121,Undirected,1316,,,2
60,122,Undirected,1317,,,2
60,123,Undirected,1318,,,2
60,125,Undirected,1319,,,2
60,127,Undirected,1320,,,2
60,129,Undirected,1321,,,2
60,130,Undirected,1322,,,2
60,131,Undirected,1323,,,2
60,132,Undirected,1324,,,2
60,135,Undirected,1325,,,2
60,136,Undirected,1326,,,2
60,141,Undirected,1327,,,2
60,142,Undirected,1328,,,2
60,146,Undirected,1329,,,2
60,150,Undirected,1330,,,2
60,151,Undirected,1331,,,2
60,154,Undirected,1332,,,2
60,158,Undirected,1333,,,2
60,161,Undirected,1334,,,2
60,164,Undirected,1335,,,2
60,166,Undirected,1336,,,2
60,168,Undirected,1337,,,2
60,171,Undirected,1338,,,2
60,174,Undirected,1339,,,2
60,179,Undirected,1340,,,2
60,183,Undirected,1341,,,2
60,187,Undirected,1342,,,2
60,190,Undirected,1343,,,2
60,192,Undirected,1344,,,2
60,193,Undirected,1345,,,2
60,194,Undirected,1346,,,2
60,195,Undirected,1347,,,2
60,196,Undirected,1348,,,2
60,197,Undirected,1349,,,2
61,69,Undirected,1364,,,2
61,70,Undirected,1365,,,2
61,106,Undirected,1366,,,2
61,111,Undirected,1367,,,2
61,112,Undirected,1368,,,2
61,114,Undirected,1369,,,2
61,123,Undirected,1370,,,2
61,127,Undirected,1371,,,2
61,129,Undirected,1372,,,2
61,130,Undirected,1373,,,2
61,141,Undirected,1374,,,2
61,151,Undirected,1375,,,2
61,158,Undirected,1376,,,2
61,177,Undirected,1377,,,2
61,192,Undirected,1378,,,2
61,194,Undirected,1379,,,2
61,195,Undirected,1380,,,2
61,196,Undirected,1381,,,2
61,197,Undirected,1382,,,2
62,63,Undirected,1391,,,2
62,64,Undirected,1392,,,2
62,65,Undirected,1393,,,2
62,66,Undirected,1394,,,2
62,98,Undirected,1395,,,2
62,99,Undirected,1396,,,2
62,100,Undirected,1397,,,2
62,101,Undirected,1398,,,2
62,105,Undirected,1399,,,2
62,106,Undirected,1400,,,2
62,107,Undirected,1401,,,2
62,108,Undirected,1402,,,2
62,109,Undirected,1403,,,2
62,110,Undirected,1404,,,2
62,122,Undirected,1405,,,2
62,123,Undirected,1406,,,2
62,131,Undirected,1407,,,2
62,132,Undirected,1408,,,2
62,135,Undirected,1409,,,2
62,154,Undirected,1410,,,2
62,168,Undirected,1411,,,2
62,179,Undirected,1412,,,2
63,64,Undirected,1422,,,2
63,65,Undirected,1423,,,2
63,66,Undirected,1424,,,2
63,91,Undirected,1425,,,2
63,98,Undirected,1426,,,2
63,99,Undirected,1427,,,2
63,100,Undirected,1428,,,2
63,101,Undirected,1429,,,2
63,105,Undirected,1430,,,2
63,106,Undirected,1431,,,2
63,107,Undirected,1432,,,2
63,108,Undirected,1433,,,2
63,109,Undirected,1434,,,2
63,110,Undirected,1435,,,2
63,122,Undirected,1436,,,2
63,123,Undirected,1437,,,2
63,131,Undirected,1438,,,2
63,132,Undirected,1439,,,2
63,135,Undirected,1440,,,2
63,154,Undirected,1441,,,2
63,168,Undirected,1442,,,2
63,179,Undirected,1443,,,2
64,65,Undirected,1454,,,2
64,66,Undirected,1455,,,2
64,98,Undirected,1456,,,2
64,99,Undirected,1457,,,2
64,100,Undirected,1458,,,2
64,101,Undirected,1459,,,2
64,105,Undirected,1460,,,2
64,106,Undirected,1461,,,2
64,107,Undirected,1462,,,2
64,108,Undirected,1463,,,2
64,109,Undirected,1464,,,2
64,110,Undirected,1465,,,2
64,122,Undirected,1466,,,2
64,123,Undirected,1467,,,2
64,131,Undirected,1468,,,2
64,132,Undirected,1469,,,2
64,135,Undirected,1470,,,2
64,139,Undirected,1471,,,2
64,154,Undirected,1472,,,2
64,168,Undirected,1473,,,2
64,170,Undirected,1474,,,2
64,179,Undirected,1475,,,2
65,66,Undirected,1487,,,2
65,98,Undirected,1488,,,2
65,99,Undirected,1489,,,2
65,100,Undirected,1490,,,2
65,101,Undirected,1491,,,2
65,105,Undirected,1492,,,2
65,106,Undirected,1493,,,2
65,107,Undirected,1494,,,2
65,108,Undirected,1495,,,2
65,109,Undirected,1496,,,2
65,110,Undirected,1497,,,2
65,122,Undirected,1498,,,2
65,123,Undirected,1499,,,2
65,131,Undirected,1500,,,2
65,132,Undirected,1501,,,2
65,135,Undirected,1502,,,2
65,136,Undirected,1503,,,2
65,139,Undirected,1504,,,2
65,154,Undirected,1505,,,2
65,168,Undirected,1506,,,2
65,170,Undirected,1507,,,2
65,179,Undirected,1508,,,2
66,98,Undirected,1521,,,2
66,99,Undirected,1522,,,2
66,100,Undirected,1523,,,2
66,101,Undirected,1524,,,2
66,105,Undirected,1525,,,2
66,106,Undirected,1526,,,2
66,107,Undirected,1527,,,2
66,108,Undirected,1528,,,2
66,109,Undirected,1529,,,2
66,110,Undirected,1530,,,2
66,122,Undirected,1531,,,2
66,123,Undirected,1532,,,2
66,131,Undirected,1533,,,2
66,132,Undirected,1534,,,2
66,135,Undirected,1535,,,2
66,136,Undirected,1536,,,2
66,139,Undirected,1537,,,2
66,154,Undirected,1538,,,2
66,168,Undirected,1539,,,2
66,170,Undirected,1540,,,2
66,179,Undirected,1541,,,2
66,182,Undirected,1542,,,2
67,70,Undirected,1550,,,2
67,81,Undirected,1551,,,2
67,83,Undirected,1552,,,2
67,84,Undirected,1553,,,2
67,87,Undirected,1554,,,2
67,103,Undirected,1555,,,2
67,127,Undirected,1556,,,2
67,134,Undirected,1557,,,2
67,135,Undirected,1558,,,2
67,136,Undirected,1559,,,2
67,149,Undirected,1560,,,2
67,150,Undirected,1561,,,2
67,158,Undirected,1562,,,2
67,159,Undirected,1563,,,2
67,164,Undirected,1564,,,2
67,170,Undirected,1565,,,2
67,174,Undirected,1566,,,2
67,178,Undirected,1567,,,2
67,192,Undirected,1568,,,2
67,194,Undirected,1569,,,2
67,195,Undirected,1570,,,2
67,196,Undirected,1571,,,2
68,99,Undirected,1576,,,2
68,101,Undirected,1577,,,2
68,132,Undirected,1578,,,2
68,135,Undirected,1579,,,2
68,154,Undirected,1580,,,2
68,166,Undirected,1581,,,2
68,168,Undirected,1582,,,2
68,171,Undirected,1583,,,2
68,183,Undirected,1584,,,2
68,187,Undirected,1585,,,2
69,70,Undirected,1593,,,2
69,73,Undirected,1594,,,2
69,86,Undirected,1595,,,2
69,87,Undirected,1596,,,2
69,88,Undirected,1597,,,2
69,90,Undirected,1598,,,2
69,93,Undirected,1599,,,2
69,94,Undirected,1600,,,2
69,95,Undirected,1601,,,2
69,96,Undirected,1602,,,2
69,99,Undirected,1603,,,2
69,108,Undirected,1604,,,2
69,109,Undirected,1605,,,2
69,110,Undirected,1606,,,2
69,111,Undirected,1607,,,2
69,112,Undirected,1608,,,2
69,114,Undirected,1609,,,2
69,118,Undirected,1610,,,2
69,121,Undirected,1611,,,2
69,122,Undirected,1612,,,2
69,125,Undirected,1613,,,2
69,127,Undirected,1614,,,2
69,130,Undirected,1615,,,2
69,132,Undirected,1616,,,2
69,136,Undirected,1617,,,2
69,141,Undirected,1618,,,2
69,142,Undirected,1619,,,2
69,143,Undirected,1620,,,2
69,146,Undirected,1621,,,2
69,150,Undirected,1622,,,2
69,151,Undirected,1623,,,2
69,158,Undirected,1624,,,2
69,161,Undirected,1625,,,2
69,164,Undirected,1626,,,2
69,168,Undirected,1627,,,2
69,171,Undirected,1628,,,2
69,174,Undirected,1629,,,2
69,175,Undirected,1630,,,2
69,177,Undirected,1631,,,2
69,183,Undirected,1632,,,2
69,186,Undirected,1633,,,2
69,190,Undirected,1634,,,2
69,192,Undirected,1635,,,2
69,193,Undirected,1636,,,2
69,194,Undirected,1637,,,2
69,195,Undirected,1638,,,2
70,73,Undirected,1653,,,2
70,83,Undirected,1654,,,2
70,86,Undirected,1655,,,2
70,87,Undirected,1656,,,2
70,88,Undirected,1657,,,2
70,93,Undirected,1658,,,2
70,94,Undirected,1659,,,2
70,95,Undirected,1660,,,2
70,96,Undirected,1661,,,2
70,99,Undirected,1662,,,2
70,108,Undirected,1663,,,2
70,110,Undirected,1664,,,2
70,111,Undirected,1665,,,2
70,112,Undirected,1666,,,2
70,114,Undirected,1667,,,2
70,118,Undirected,1668,,,2
70,121,Undirected,1669,,,2
70,122,Undirected,1670,,,2
70,125,Undirected,1671,,,2
70,127,Undirected,1672,,,2
70,130,Undirected,1673,,,2
70,132,Undirected,1674,,,2
70,136,Undirected,1675,,,2
70,141,Undirected,1676,,,2
70,142,Undirected,1677,,,2
70,143,Undirected,1678,,,2
70,146,Undirected,1679,,,2
70,150,Undirected,1680,,,2
70,151,Undirected,1681,,,2
70,158,Undirected,1682,,,2
70,161,Undirected,1683,,,2
70,164,Undirected,1684,,,2
70,167,Undirected,1685,,,2
70,168,Undirected,1686,,,2
70,170,Undirected,1687,,,2
70,171,Undirected,1688,,,2
70,174,Undirected,1689,,,2
70,175,Undirected,1690,,,2
70,177,Undirected,1691,,,2
70,178,Undirected,1692,,,2
70,183,Undirected,1693,,,2
70,185,Undirected,1694,,,2
70,186,Undirected,1695,,,2
70,190,Undirected,1696,,,2
70,192,Undirected,1697,,,2
70,193,Undirected,1698,,,2
70,194,Undirected,1699,,,2
70,195,Undirected,1700,,,2
71,72,Undirected,1709,,,2
71,74,Undirected,1710,,,2
71,83,Undirected,1711,,,2
71,103,Undirected,1712,,,2
71,111,Undirected,1713,,,2
71,112,Undirected,1714,,,2
71,113,Undirected,1715,,,2
71,114,Undirected,1716,,,2
71,116,Undirected,1717,,,2
71,117,Undirected,1718,,,2
71,118,Undirected,1719,,,2
71,121,Undirected,1720,,,2
71,122,Undirected,1721,,,2
71,137,Undirected,1722,,,2
71,150,Undirected,1723,,,2
71,153,Undirected,1724,,,2
71,158,Undirected,1725,,,2
71,161,Undirected,1726,,,2
71,164,Undirected,1727,,,2
71,168,Undirected,1728,,,2
71,195,Undirected,1729,,,2
71,196,Undirected,1730,,,2
72,74,Undirected,1735,,,2
72,103,Undirected,1736,,,2
72,150,Undirected,1737,,,2
72,161,Undirected,1738,,,2
72,164,Undirected,1739,,,2
73,77,Undirected,1749,,,2
73,85,Undirected,1750,,,2
73,86,Undirected,1751,,,2
73,88,Undirected,1752,,,2
73,90,Undirected,1753,,,2
73,96,Undirected,1754,,,2
73,99,Undirected,1755,,,2
73,110,Undirected,1756,,,2
73,128,Undirected,1757,,,2
73,136,Undirected,1758,,,2
73,140,Undirected,1759,,,2
73,143,Undirected,1760,,,2
73,147,Undirected,1761,,,2
73,149,Undirected,1762,,,2
73,155,Undirected,1763,,,2
73,156,Undirected,1764,,,2
73,167,Undirected,1765,,,2
73,172,Undirected,1766,,,2
73,174,Undirected,1767,,,2
73,184,Undirected,1768,,,2
73,189,Undirected,1769,,,2
73,191,Undirected,1770,,,2
74,78,Undirected,1778,,,2
74,87,Undirected,1779,,,2
74,103,Undirected,1780,,,2
74,104,Undirected,1781,,,2
74,108,Undirected,1782,,,2
74,112,Undirected,1783,,,2
74,114,Undirected,1784,,,2
74,150,Undirected,1785,,,2
74,154,Undirected,1786,,,2
74,161,Undirected,1787,,,2
74,164,Undirected,1788,,,2
74,168,Undirected,1789,,,2
74,171,Undirected,1790,,,2
75,76,Undirected,1793,,,2
75,79,Undirected,1794,,,2
75,86,Undirected,1795,,,2
75,96,Undirected,1796,,,2
75,126,Undirected,1797,,,2
75,128,Undirected,1798,,,2
75,136,Undirected,1799,,,2
75,144,Undirected,1800,,,2
75,147,Undirected,1801,,,2
75,149,Undirected,1802,,,2
75,163,Undirected,1803,,,2
75,167,Undirected,1804,,,2
75,172,Undirected,1805,,,2
75,174,Undirected,1806,,,2
75,198,Undirected,1807,,,2
76,79,Undirected,1813,,,2
76,96,Undirected,1814,,,2
76,126,Undirected,1815,,,2
76,128,Undirected,1816,,,2
76,136,Undirected,1817,,,2
76,144,Undirected,1818,,,2
76,147,Undirected,1819,,,2
76,149,Undirected,1820,,,2
76,153,Undirected,1821,,,2
76,172,Undirected,1822,,,2
76,174,Undirected,1823,,,2
77,85,Undirected,1833,,,2
77,86,Undirected,1834,,,2
77,88,Undirected,1835,,,2
77,90,Undirected,1836,,,2
77,96,Undirected,1837,,,2
77,97,Undirected,1838,,,2
77,102,Undirected,1839,,,2
77,124,Undirected,1840,,,2
77,128,Undirected,1841,,,2
77,136,Undirected,1842,,,2
77,138,Undirected,1843,,,2
77,140,Undirected,1844,,,2
77,147,Undirected,1845,,,2
77,149,Undirected,1846,,,2
77,167,Undirected,1847,,,2
77,169,Undirected,1848,,,2
77,172,Undirected,1849,,,2
77,173,Undirected,1850,,,2
77,184,Undirected,1851,,,2
77,191,Undirected,1852,,,2
78,80,Undirected,1861,,,2
78,91,Undirected,1862,,,2
78,95,Undirected,1863,,,2
78,99,Undirected,1864,,,2
78,100,Undirected,1865,,,2
78,103,Undirected,1866,,,2
78,104,Undirected,1867,,,2
78,108,Undirected,1868,,,2
78,136,Undirected,1869,,,2
78,137,Undirected,1870,,,2
78,154,Undirected,1871,,,2
78,158,Undirected,1872,,,2
78,168,Undirected,1873,,,2
78,171,Undirected,1874,,,2
78,174,Undirected,1875,,,2
78,179,Undirected,1876,,,2
78,182,Undirected,1877,,,2
78,188,Undirected,1878,,,2
79,86,Undirected,1884,,,2
79,96,Undirected,1885,,,2
79,118,Undirected,1886,,,2
79,126,Undirected,1887,,,2
79,128,Undirected,1888,,,2
79,136,Undirected,1889,,,2
79,142,Undirected,1890,,,2
79,143,Undirected,1891,,,2
79,144,Undirected,1892,,,2
79,147,Undirected,1893,,,2
79,149,Undirected,1894,,,2
79,163,Undirected,1895,,,2
79,167,Undirected,1896,,,2
79,172,Undirected,1897,,,2
79,174,Undirected,1898,,,2
80,91,Undirected,1909,,,2
80,95,Undirected,1910,,,2
80,135,Undirected,1911,,,2
80,139,Undirected,1912,,,2
80,162,Undirected,1913,,,2
80,168,Undirected,1914,,,2
80,179,Undirected,1915,,,2
80,181,Undirected,1916,,,2
80,189,Undirected,1917,,,2
81,83,Undirected,1935,,,2
81,98,Undirected,1936,,,2
81,99,Undirected,1937,,,2
81,100,Undirected,1938,,,2
81,101,Undirected,1939,,,2
81,104,Undirected,1940,,,2
81,105,Undirected,1941,,,2
81,106,Undirected,1942,,,2
81,108,Undirected,1943,,,2
81,123,Undirected,1944,,,2
81,131,Undirected,1945,,,2
81,132,Undirected,1946,,,2
81,136,Undirected,1947,,,2
81,150,Undirected,1948,,,2
81,158,Undirected,1949,,,2
81,164,Undirected,1950,,,2
81,170,Undirected,1951,,,2
81,174,Undirected,1952,,,2
81,178,Undirected,1953,,,2
81,182,Undirected,1954,,,2
81,183,Undirected,1955,,,2
81,194,Undirected,1956,,,2
81,195,Undirected,1957,,,2
81,196,Undirected,1958,,,2
81,197,Undirected,1959,,,2
82,99,Undirected,1962,,,2
82,118,Undirected,1963,,,2
82,121,Undirected,1964,,,2
82,122,Undirected,1965,,,2
82,136,Undirected,1966,,,2
82,143,Undirected,1967,,,2
83,84,Undirected,1986,,,2
83,87,Undirected,1987,,,2
83,89,Undirected,1988,,,2
83,90,Undirected,1989,,,2
83,98,Undirected,1990,,,2
83,99,Undirected,1991,,,2
83,100,Undirected,1992,,,2
83,101,Undirected,1993,,,2
83,103,Undirected,1994,,,2
83,105,Undirected,1995,,,2
83,108,Undirected,1996,,,2
83,109,Undirected,1997,,,2
83,111,Undirected,1998,,,2
83,114,Undirected,1999,,,2
83,118,Undirected,2000,,,2
83,121,Undirected,2001,,,2
83,127,Undirected,2002,,,2
83,131,Undirected,2003,,,2
83,132,Undirected,2004,,,2
83,134,Undirected,2005,,,2
83,135,Undirected,2006,,,2
83,136,Undirected,2007,,,2
83,137,Undirected,2008,,,2
83,141,Undirected,2009,,,2
83,142,Undirected,2010,,,2
83,149,Undirected,2011,,,2
83,150,Undirected,2012,,,2
83,158,Undirected,2013,,,2
83,159,Undirected,2014,,,2
83,164,Undirected,2015,,,2
83,168,Undirected,2016,,,2
83,170,Undirected,2017,,,2
83,174,Undirected,2018,,,2
83,178,Undirected,2019,,,2
83,182,Undirected,2020,,,2
83,185,Undirected,2021,,,2
83,192,Undirected,2022,,,2
83,194,Undirected,2023,,,2
83,195,Undirected,2024,,,2
83,196,Undirected,2025,,,2
83,197,Undirected,2026,,,2
84,118,Undirected,2029,,,2
84,129,Undirected,2030,,,2
84,134,Undirected,2031,,,2
84,135,Undirected,2032,,,2
84,136,Undirected,2033,,,2
84,158,Undirected,2034,,,2
84,159,Undirected,2035,,,2
84,170,Undirected,2036,,,2
84,175,Undirected,2037,,,2
84,183,Undirected,2038,,,2
84,194,Undirected,2039,,,2
84,195,Undirected,2040,,,2
85,86,Undirected,2048,,,2
85,102,Undirected,2049,,,2
85,128,Undirected,2050,,,2
85,140,Undirected,2051,,,2
85,147,Undirected,2052,,,2
85,149,Undirected,2053,,,2
85,155,Undirected,2054,,,2
85,156,Undirected,2055,,,2
85,167,Undirected,2056,,,2
85,169,Undirected,2057,,,2
85,189,Undirected,2058,,,2
85,191,Undirected,2059,,,2
86,88,Undirected,2075,,,2
86,90,Undirected,2076,,,2
86,96,Undirected,2077,,,2
86,97,Undirected,2078,,,2
86,102,Undirected,2079,,,2
86,124,Undirected,2080,,,2
86,128,Undirected,2081,,,2
86,136,Undirected,2082,,,2
86,138,Undirected,2083,,,2
86,140,Undirected,2084,,,2
86,147,Undirected,2085,,,2
86,149,Undirected,2086,,,2
86,153,Undirected,2087,,,2
86,155,Undirected,2088,,,2
86,156,Undirected,2089,,,2
86,163,Undirected,2090,,,2
86,167,Undirected,2091,,,2
86,169,Undirected,2092,,,2
86,172,Undirected,2093,,,2
86,173,Undirected,2094,,,2
86,176,Undirected,2095,,,2
86,184,Undirected,2096,,,2
86,189,Undirected,2097,,,2
86,191,Undirected,2098,,,2
86,198,Undirected,2099,,,2
87,96,Undirected,2111,,,2
87,103,Undirected,2112,,,2
87,112,Undirected,2113,,,2
87,114,Undirected,2114,,,2
87,130,Undirected,2115,,,2
87,150,Undirected,2116,,,2
87,158,Undirected,2117,,,2
87,161,Undirected,2118,,,2
87,164,Undirected,2119,,,2
87,186,Undirected,2120,,,2
87,192,Undirected,2121,,,2
87,194,Undirected,2122,,,2
87,195,Undirected,2123,,,2
88,90,Undirected,2138,,,2
88,96,Undirected,2139,,,2
88,97,Undirected,2140,,,2
88,99,Undirected,2141,,,2
88,110,Undirected,2142,,,2
88,114,Undirected,2143,,,2
88,128,Undirected,2144,,,2
88,131,Undirected,2145,,,2
88,132,Undirected,2146,,,2
88,136,Undirected,2147,,,2
88,140,Undirected,2148,,,2
88,143,Undirected,2149,,,2
88,147,Undirected,2150,,,2
88,149,Undirected,2151,,,2
88,158,Undirected,2152,,,2
88,167,Undirected,2153,,,2
88,172,Undirected,2154,,,2
88,174,Undirected,2155,,,2
88,183,Undirected,2156,,,2
88,184,Undirected,2157,,,2
88,191,Undirected,2158,,,2
88,196,Undirected,2159,,,2
89,95,Undirected,2164,,,2
89,118,Undirected,2165,,,2
89,121,Undirected,2166,,,2
89,127,Undirected,2167,,,2
89,132,Undirected,2168,,,2
89,136,Undirected,2169,,,2
89,141,Undirected,2170,,,2
89,142,Undirected,2171,,,2
89,149,Undirected,2172,,,2
89,158,Undirected,2173,,,2
89,171,Undirected,2174,,,2
89,174,Undirected,2175,,,2
89,196,Undirected,2176,,,2
90,96,Undirected,2190,,,2
90,97,Undirected,2191,,,2
90,124,Undirected,2192,,,2
90,125,Undirected,2193,,,2
90,128,Undirected,2194,,,2
90,133,Undirected,2195,,,2
90,136,Undirected,2196,,,2
90,138,Undirected,2197,,,2
90,140,Undirected,2198,,,2
90,147,Undirected,2199,,,2
90,149,Undirected,2200,,,2
90,153,Undirected,2201,,,2
90,167,Undirected,2202,,,2
90,169,Undirected,2203,,,2
90,172,Undirected,2204,,,2
90,173,Undirected,2205,,,2
90,176,Undirected,2206,,,2
90,184,Undirected,2207,,,2
90,191,Undirected,2208,,,2
90,198,Undirected,2209,,,2
91,95,Undirected,2223,,,2
91,104,Undirected,2224,,,2
91,105,Undirected,2225,,,2
91,107,Undirected,2226,,,2
91,116,Undirected,2227,,,2
91,119,Undirected,2228,,,2
91,134,Undirected,2229,,,2
91,135,Undirected,2230,,,2
91,139,Undirected,2231,,,2
91,168,Undirected,2232,,,2
91,179,Undirected,2233,,,2
92,148,Undirected,2236,,,2
92,153,Undirected,2237,,,2
92,163,Undirected,2238,,,2
93,94,Undirected,2244,,,2
93,95,Undirected,2245,,,2
93,108,Undirected,2246,,,2
93,111,Undirected,2247,,,2
93,114,Undirected,2248,,,2
93,118,Undirected,2249,,,2
93,121,Undirected,2250,,,2
93,122,Undirected,2251,,,2
93,125,Undirected,2252,,,2
93,127,Undirected,2253,,,2
93,130,Undirected,2254,,,2
93,132,Undirected,2255,,,2
93,136,Undirected,2256,,,2
93,146,Undirected,2257,,,2
93,168,Undirected,2258,,,2
93,171,Undirected,2259,,,2
93,175,Undirected,2260,,,2
93,177,Undirected,2261,,,2
93,183,Undirected,2262,,,2
93,190,Undirected,2263,,,2
93,192,Undirected,2264,,,2
93,193,Undirected,2265,,,2
94,95,Undirected,2272,,,2
94,108,Undirected,2273,,,2
94,111,Undirected,2274,,,2
94,114,Undirected,2275,,,2
94,118,Undirected,2276,,,2
94,121,Undirected,2277,,,2
94,122,Undirected,2278,,,2
94,125,Undirected,2279,,,2
94,130,Undirected,2280,,,2
94,132,Undirected,2281,,,2
94,136,Undirected,2282,,,2
94,146,Undirected,2283,,,2
94,168,Undirected,2284,,,2
94,171,Undirected,2285,,,2
94,175,Undirected,2286,,,2
94,177,Undirected,2287,,,2
94,183,Undirected,2288,,,2
94,190,Undirected,2289,,,2
94,192,Undirected,2290,,,2
94,193,Undirected,2291,,,2
95,98,Undirected,2306,,,2
95,99,Undirected,2307,,,2
95,100,Undirected,2308,,,2
95,101,Undirected,2309,,,2
95,108,Undirected,2310,,,2
95,110,Undirected,2311,,,2
95,111,Undirected,2312,,,2
95,122,Undirected,2313,,,2
95,125,Undirected,2314,,,2
95,127,Undirected,2315,,,2
95,131,Undirected,2316,,,2
95,132,Undirected,2317,,,2
95,135,Undirected,2318,,,2
95,136,Undirected,2319,,,2
95,141,Undirected,2320,,,2
95,142,Undirected,2321,,,2
95,146,Undirected,2322,,,2
95,154,Undirected,2323,,,2
95,158,Undirected,2324,,,2
95,168,Undirected,2325,,,2
95,171,Undirected,2326,,,2
95,174,Undirected,2327,,,2
95,179,Undirected,2328,,,2
95,190,Undirected,2329,,,2
95,192,Undirected,2330,,,2
95,193,Undirected,2331,,,2
96,97,Undirected,2354,,,2
96,124,Undirected,2355,,,2
96,125,Undirected,2356,,,2
96,126,Undirected,2357,,,2
96,128,Undirected,2358,,,2
96,130,Undirected,2359,,,2
96,136,Undirected,2360,,,2
96,138,Undirected,2361,,,2
96,140,Undirected,2362,,,2
96,142,Undirected,2363,,,2
96,144,Undirected,2364,,,2
96,147,Undirected,2365,,,2
96,149,Undirected,2366,,,2
96,150,Undirected,2367,,,2
96,153,Undirected,2368,,,2
96,158,Undirected,2369,,,2
96,161,Undirected,2370,,,2
96,163,Undirected,2371,,,2
96,164,Undirected,2372,,,2
96,167,Undirected,2373,,,2
96,169,Undirected,2374,,,2
96,172,Undirected,2375,,,2
96,173,Undirected,2376,,,2
96,176,Undirected,2377,,,2
96,184,Undirected,2378,,,2
96,186,Undirected,2379,,,2
96,191,Undirected,2380,,,2
96,192,Undirected,2381,,,2
96,194,Undirected,2382,,,2
96,198,Undirected,2383,,,2
97,124,Undirected,2393,,,2
97,128,Undirected,2394,,,2
97,136,Undirected,2395,,,2
97,138,Undirected,2396,,,2
97,147,Undirected,2397,,,2
97,149,Undirected,2398,,,2
97,167,Undirected,2399,,,2
97,169,Undirected,2400,,,2
97,172,Undirected,2401,,,2
98,99,Undirected,2422,,,2
98,100,Undirected,2423,,,2
98,101,Undirected,2424,,,2
98,105,Undirected,2425,,,2
98,106,Undirected,2426,,,2
98,107,Undirected,2427,,,2
98,108,Undirected,2428,,,2
98,109,Undirected,2429,,,2
98,110,Undirected,2430,,,2
98,122,Undirected,2431,,,2
98,123,Undirected,2432,,,2
98,131,Undirected,2433,,,2
98,132,Undirected,2434,,,2
98,135,Undirected,2435,,,2
98,136,Undirected,2436,,,2
98,154,Undirected,2437,,,2
98,164,Undirected,2438,,,2
98,168,Undirected,2439,,,2
98,170,Undirected,2440,,,2
98,171,Undirected,2441,,,2
98,174,Undirected,2442,,,2
98,178,Undirected,2443,,,2
98,179,Undirected,2444,,,2
98,182,Undirected,2445,,,2
98,194,Undirected,2446,,,2
98,197,Undirected,2447,,,2
99,100,Undirected,2478,,,2
99,101,Undirected,2479,,,2
99,105,Undirected,2480,,,2
99,106,Undirected,2481,,,2
99,107,Undirected,2482,,,2
99,108,Undirected,2483,,,2
99,109,Undirected,2484,,,2
99,110,Undirected,2485,,,2
99,118,Undirected,2486,,,2
99,121,Undirected,2487,,,2
99,122,Undirected,2488,,,2
99,123,Undirected,2489,,,2
99,131,Undirected,2490,,,2
99,132,Undirected,2491,,,2
99,135,Undirected,2492,,,2
99,136,Undirected,2493,,,2
99,143,Undirected,2494,,,2
99,154,Undirected,2495,,,2
99,164,Undirected,2496,,,2
99,166,Undirected,2497,,,2
99,168,Undirected,2498,,,2
99,170,Undirected,2499,,,2
99,171,Undirected,2500,,,2
99,174,Undirected,2501,,,2
99,178,Undirected,2502,,,2
99,179,Undirected,2503,,,2
99,182,Undirected,2504,,,2
99,187,Undirected,2505,,,2
99,194,Undirected,2506,,,2
99,197,Undirected,2507,,,2
100,101,Undirected,2533,,,2
100,105,Undirected,2534,,,2
100,106,Undirected,2535,,,2
100,107,Undirected,2536,,,2
100,108,Undirected,2537,,,2
100,109,Undirected,2538,,,2
100,110,Undirected,2539,,,2
100,122,Undirected,2540,,,2
100,123,Undirected,2541,,,2
100,131,Undirected,2542,,,2
100,132,Undirected,2543,,,2
100,135,Undirected,2544,,,2
100,136,Undirected,2545,,,2
100,154,Undirected,2546,,,2
100,164,Undirected,2547,,,2
100,168,Undirected,2548,,,2
100,170,Undirected,2549,,,2
100,171,Undirected,2550,,,2
100,174,Undirected,2551,,,2
100,178,Undirected,2552,,,2
100,179,Undirected,2553,,,2
100,182,Undirected,2554,,,2
100,194,Undirected,2555,,,2
100,197,Undirected,2556,,,2
101,105,Undirected,2581,,,2
101,106,Undirected,2582,,,2
101,107,Undirected,2583,,,2
101,108,Undirected,2584,,,2
101,109,Undirected,2585,,,2
101,110,Undirected,2586,,,2
101,122,Undirected,2587,,,2
101,123,Undirected,2588,,,2
101,131,Undirected,2589,,,2
101,132,Undirected,2590,,,2
101,135,Undirected,2591,,,2
101,136,Undirected,2592,,,2
101,154,Undirected,2593,,,2
101,164,Undirected,2594,,,2
101,166,Undirected,2595,,,2
101,168,Undirected,2596,,,2
101,170,Undirected,2597,,,2
101,171,Undirected,2598,,,2
101,174,Undirected,2599,,,2
101,178,Undirected,2600,,,2
101,179,Undirected,2601,,,2
101,182,Undirected,2602,,,2
101,187,Undirected,2603,,,2
101,194,Undirected,2604,,,2
101,197,Undirected,2605,,,2
102,128,Undirected,2614,,,2
102,138,Undirected,2615,,,2
102,140,Undirected,2616,,,2
102,147,Undirected,2617,,,2
102,156,Undirected,2618,,,2
102,167,Undirected,2619,,,2
102,169,Undirected,2620,,,2
102,172,Undirected,2621,,,2
102,173,Undirected,2622,,,2
102,176,Undirected,2623,,,2
102,189,Undirected,2624,,,2
103,104,Undirected,2637,,,2
103,108,Undirected,2638,,,2
103,112,Undirected,2639,,,2
103,114,Undirected,2640,,,2
103,150,Undirected,2641,,,2
103,154,Undirected,2642,,,2
103,161,Undirected,2643,,,2
103,164,Undirected,2644,,,2
103,168,Undirected,2645,,,2
103,171,Undirected,2646,,,2
103,178,Undirected,2647,,,2
104,105,Undirected,2661,,,2
104,107,Undirected,2662,,,2
104,108,Undirected,2663,,,2
104,154,Undirected,2664,,,2
104,159,Undirected,2665,,,2
104,168,Undirected,2666,,,2
104,171,Undirected,2667,,,2
105,106,Undirected,2695,,,2
105,107,Undirected,2696,,,2
105,108,Undirected,2697,,,2
105,109,Undirected,2698,,,2
105,110,Undirected,2699,,,2
105,122,Undirected,2700,,,2
105,123,Undirected,2701,,,2
105,131,Undirected,2702,,,2
105,132,Undirected,2703,,,2
105,135,Undirected,2704,,,2
105,136,Undirected,2705,,,2
105,154,Undirected,2706,,,2
105,164,Undirected,2707,,,2
105,168,Undirected,2708,,,2
105,170,Undirected,2709,,,2
105,174,Undirected,2710,,,2
105,178,Undirected,2711,,,2
105,179,Undirected,2712,,,2
105,182,Undirected,2713,,,2
105,194,Undirected,2714,,,2
105,197,Undirected,2715,,,2
106,107,Undirected,2739,,,2
106,108,Undirected,2740,,,2
106,109,Undirected,2741,,,2
106,110,Undirected,2742,,,2
106,111,Undirected,2743,,,2
106,122,Undirected,2744,,,2
106,123,Undirected,2745,,,2
106,131,Undirected,2746,,,2
106,132,Undirected,2747,,,2
106,135,Undirected,2748,,,2
106,154,Undirected,2749,,,2
106,168,Undirected,2750,,,2
106,179,Undirected,2751,,,2
106,183,Undirected,2752,,,2
106,187,Undirected,2753,,,2
106,188,Undirected,2754,,,2
107,108,Undirected,2779,,,2
107,109,Undirected,2780,,,2
107,110,Undirected,2781,,,2
107,122,Undirected,2782,,,2
107,123,Undirected,2783,,,2
107,131,Undirected,2784,,,2
107,132,Undirected,2785,,,2
107,135,Undirected,2786,,,2
107,154,Undirected,2787,,,2
107,162,Undirected,2788,,,2
107,168,Undirected,2789,,,2
107,179,Undirected,2790,,,2
107,187,Undirected,2791,,,2
107,188,Undirected,2792,,,2
108,109,Undirected,2828,,,2
108,110,Undirected,2829,,,2
108,111,Undirected,2830,,,2
108,122,Undirected,2831,,,2
108,123,Undirected,2832,,,2
108,125,Undirected,2833,,,2
108,131,Undirected,2834,,,2
108,132,Undirected,2835,,,2
108,135,Undirected,2836,,,2
108,136,Undirected,2837,,,2
108,146,Undirected,2838,,,2
108,154,Undirected,2839,,,2
108,164,Undirected,2840,,,2
108,168,Undirected,2841,,,2
108,170,Undirected,2842,,,2
108,171,Undirected,2843,,,2
108,174,Undirected,2844,,,2
108,178,Undirected,2845,,,2
108,179,Undirected,2846,,,2
108,182,Undirected,2847,,,2
108,190,Undirected,2848,,,2
108,192,Undirected,2849,,,2
108,193,Undirected,2850,,,2
108,194,Undirected,2851,,,2
108,197,Undirected,2852,,,2
109,110,Undirected,2875,,,2
109,122,Undirected,2876,,,2
109,123,Undirected,2877,,,2
109,131,Undirected,2878,,,2
109,132,Undirected,2879,,,2
109,135,Undirected,2880,,,2
109,154,Undirected,2881,,,2
109,168,Undirected,2882,,,2
109,170,Undirected,2883,,,2
109,177,Undirected,2884,,,2
109,179,Undirected,2885,,,2
110,122,Undirected,2914,,,2
110,123,Undirected,2915,,,2
110,131,Undirected,2916,,,2
110,132,Undirected,2917,,,2
110,135,Undirected,2918,,,2
110,136,Undirected,2919,,,2
110,139,Undirected,2920,,,2
110,143,Undirected,2921,,,2
110,154,Undirected,2922,,,2
110,168,Undirected,2923,,,2
110,170,Undirected,2924,,,2
110,171,Undirected,2925,,,2
110,174,Undirected,2926,,,2
110,179,Undirected,2927,,,2
110,182,Undirected,2928,,,2
111,116,Undirected,2950,,,2
111,117,Undirected,2951,,,2
111,118,Undirected,2952,,,2
111,121,Undirected,2953,,,2
111,122,Undirected,2954,,,2
111,123,Undirected,2955,,,2
111,125,Undirected,2956,,,2
111,132,Undirected,2957,,,2
111,137,Undirected,2958,,,2
111,146,Undirected,2959,,,2
111,153,Undirected,2960,,,2
111,168,Undirected,2961,,,2
111,170,Undirected,2962,,,2
111,171,Undirected,2963,,,2
111,190,Undirected,2964,,,2
111,192,Undirected,2965,,,2
111,193,Undirected,2966,,,2
111,194,Undirected,2967,,,2
111,195,Undirected,2968,,,2
111,196,Undirected,2969,,,2
112,113,Undirected,2985,,,2
112,114,Undirected,2986,,,2
112,127,Undirected,2987,,,2
112,130,Undirected,2988,,,2
112,141,Undirected,2989,,,2
112,150,Undirected,2990,,,2
112,151,Undirected,2991,,,2
112,158,Undirected,2992,,,2
112,161,Undirected,2993,,,2
112,164,Undirected,2994,,,2
112,192,Undirected,2995,,,2
112,195,Undirected,2996,,,2
112,196,Undirected,2997,,,2
113,114,Undirected,3006,,,2
113,158,Undirected,3007,,,2
113,161,Undirected,3008,,,2
113,164,Undirected,3009,,,2
113,196,Undirected,3010,,,2
114,125,Undirected,3036,,,2
114,127,Undirected,3037,,,2
114,130,Undirected,3038,,,2
114,131,Undirected,3039,,,2
114,132,Undirected,3040,,,2
114,136,Undirected,3041,,,2
114,141,Undirected,3042,,,2
114,142,Undirected,3043,,,2
114,146,Undirected,3044,,,2
114,151,Undirected,3045,,,2
114,158,Undirected,3046,,,2
114,161,Undirected,3047,,,2
114,164,Undirected,3048,,,2
114,183,Undirected,3049,,,2
114,190,Undirected,3050,,,2
114,192,Undirected,3051,,,2
114,193,Undirected,3052,,,2
114,195,Undirected,3053,,,2
114,196,Undirected,3054,,,2
115,148,Undirected,3056,,,2
115,152,Undirected,3057,,,2
115,153,Undirected,3058,,,2
115,157,Undirected,3059,,,2
115,167,Undirected,3060,,,2
115,172,Undirected,3061,,,2
116,117,Undirected,3070,,,2
116,118,Undirected,3071,,,2
116,119,Undirected,3072,,,2
116,121,Undirected,3073,,,2
116,122,Undirected,3074,,,2
116,134,Undirected,3075,,,2
116,135,Undirected,3076,,,2
116,137,Undirected,3077,,,2
116,153,Undirected,3078,,,2
116,168,Undirected,3079,,,2
116,179,Undirected,3080,,,2
116,181,Undirected,3081,,,2
117,118,Undirected,3087,,,2
117,121,Undirected,3088,,,2
117,122,Undirected,3089,,,2
117,137,Undirected,3090,,,2
117,153,Undirected,3091,,,2
117,168,Undirected,3092,,,2
117,179,Undirected,3093,,,2
117,183,Undirected,3094,,,2
118,121,Undirected,3115,,,2
118,122,Undirected,3116,,,2
118,125,Undirected,3117,,,2
118,129,Undirected,3118,,,2
118,132,Undirected,3119,,,2
118,136,Undirected,3120,,,2
118,137,Undirected,3121,,,2
118,142,Undirected,3122,,,2
118,143,Undirected,3123,,,2
118,146,Undirected,3124,,,2
118,153,Undirected,3125,,,2
118,168,Undirected,3126,,,2
118,170,Undirected,3127,,,2
118,174,Undirected,3128,,,2
118,175,Undirected,3129,,,2
118,177,Undirected,3130,,,2
118,183,Undirected,3131,,,2
118,190,Undirected,3132,,,2
118,192,Undirected,3133,,,2
118,193,Undirected,3134,,,2
118,194,Undirected,3135,,,2
119,120,Undirected,3141,,,2
119,134,Undirected,3142,,,2
119,135,Undirected,3143,,,2
119,179,Undirected,3144,,,2
121,122,Undirected,3166,,,2
121,125,Undirected,3167,,,2
121,132,Undirected,3168,,,2
121,136,Undirected,3169,,,2
121,137,Undirected,3170,,,2
121,142,Undirected,3171,,,2
121,143,Undirected,3172,,,2
121,146,Undirected,3173,,,2
121,153,Undirected,3174,,,2
121,158,Undirected,3175,,,2
121,168,Undirected,3176,,,2
121,174,Undirected,3177,,,2
121,175,Undirected,3178,,,2
121,177,Undirected,3179,,,2
121,183,Undirected,3180,,,2
121,190,Undirected,3181,,,2
121,192,Undirected,3182,,,2
121,193,Undirected,3183,,,2
121,196,Undirected,3184,,,2
122,123,Undirected,3223,,,2
122,125,Undirected,3224,,,2
122,131,Undirected,3225,,,2
122,132,Undirected,3226,,,2
122,135,Undirected,3227,,,2
122,136,Undirected,3228,,,2
122,137,Undirected,3229,,,2
122,143,Undirected,3230,,,2
122,146,Undirected,3231,,,2
122,153,Undirected,3232,,,2
122,154,Undirected,3233,,,2
122,168,Undirected,3234,,,2
122,171,Undirected,3235,,,2
122,179,Undirected,3236,,,2
122,190,Undirected,3237,,,2
122,192,Undirected,3238,,,2
122,193,Undirected,3239,,,2
123,131,Undirected,3270,,,2
123,132,Undirected,3271,,,2
123,135,Undirected,3272,,,2
123,154,Undirected,3273,,,2
123,162,Undirected,3274,,,2
123,168,Undirected,3275,,,2
123,179,Undirected,3276,,,2
123,183,Undirected,3277,,,2
123,187,Undirected,3278,,,2
123,188,Undirected,3279,,,2
124,128,Undirected,3289,,,2
124,138,Undirected,3290,,,2
124,140,Undirected,3291,,,2
124,153,Undirected,3292,,,2
124,176,Undirected,3293,,,2
124,184,Undirected,3294,,,2
124,198,Undirected,3295,,,2
125,130,Undirected,3313,,,2
125,132,Undirected,3314,,,2
125,136,Undirected,3315,,,2
125,142,Undirected,3316,,,2
125,146,Undirected,3317,,,2
125,151,Undirected,3318,,,2
125,168,Undirected,3319,,,2
125,171,Undirected,3320,,,2
125,175,Undirected,3321,,,2
125,177,Undirected,3322,,,2
125,183,Undirected,3323,,,2
125,190,Undirected,3324,,,2
125,192,Undirected,3325,,,2
125,193,Undirected,3326,,,2
126,128,Undirected,3335,,,2
126,136,Undirected,3336,,,2
126,144,Undirected,3337,,,2
126,147,Undirected,3338,,,2
126,149,Undirected,3339,,,2
126,153,Undirected,3340,,,2
126,167,Undirected,3341,,,2
126,172,Undirected,3342,,,2
126,174,Undirected,3343,,,2
127,130,Undirected,3359,,,2
127,136,Undirected,3360,,,2
127,141,Undirected,3361,,,2
127,142,Undirected,3362,,,2
127,150,Undirected,3363,,,2
127,151,Undirected,3364,,,2
127,158,Undirected,3365,,,2
127,164,Undirected,3366,,,2
127,171,Undirected,3367,,,2
127,174,Undirected,3368,,,2
127,178,Undirected,3369,,,2
127,185,Undirected,3370,,,2
127,192,Undirected,3371,,,2
127,195,Undirected,3372,,,2
128,136,Undirected,3395,,,2
128,138,Undirected,3396,,,2
128,140,Undirected,3397,,,2
128,144,Undirected,3398,,,2
128,147,Undirected,3399,,,2
128,149,Undirected,3400,,,2
128,153,Undirected,3401,,,2
128,155,Undirected,3402,,,2
128,156,Undirected,3403,,,2
128,167,Undirected,3404,,,2
128,169,Undirected,3405,,,2
128,172,Undirected,3406,,,2
128,173,Undirected,3407,,,2
128,176,Undirected,3408,,,2
128,184,Undirected,3409,,,2
128,189,Undirected,3410,,,2
128,191,Undirected,3411,,,2
128,192,Undirected,3412,,,2
129,136,Undirected,3428,,,2
129,170,Undirected,3429,,,2
129,175,Undirected,3430,,,2
129,183,Undirected,3431,,,2
129,194,Undirected,3432,,,2
129,195,Undirected,3433,,,2
129,196,Undirected,3434,,,2
129,197,Undirected,3435,,,2
130,136,Undirected,3455,,,2
130,141,Undirected,3456,,,2
130,146,Undirected,3457,,,2
130,150,Undirected,3458,,,2
130,151,Undirected,3459,,,2
130,158,Undirected,3460,,,2
130,161,Undirected,3461,,,2
130,164,Undirected,3462,,,2
130,177,Undirected,3463,,,2
130,185,Undirected,3464,,,2
130,186,Undirected,3465,,,2
130,190,Undirected,3466,,,2
130,192,Undirected,3467,,,2
130,193,Undirected,3468,,,2
130,194,Undirected,3469,,,2
130,195,Undirected,3470,,,2
131,132,Undirected,3509,,,2
131,135,Undirected,3510,,,2
131,136,Undirected,3511,,,2
131,139,Undirected,3512,,,2
131,154,Undirected,3513,,,2
131,158,Undirected,3514,,,2
131,164,Undirected,3515,,,2
131,168,Undirected,3516,,,2
131,170,Undirected,3517,,,2
131,171,Undirected,3518,,,2
131,174,Undirected,3519,,,2
131,178,Undirected,3520,,,2
131,179,Undirected,3521,,,2
131,182,Undirected,3522,,,2
131,183,Undirected,3523,,,2
131,194,Undirected,3524,,,2
131,196,Undirected,3525,,,2
131,197,Undirected,3526,,,2
132,135,Undirected,3578,,,2
132,136,Undirected,3579,,,2
132,141,Undirected,3580,,,2
132,142,Undirected,3581,,,2
132,146,Undirected,3582,,,2
132,154,Undirected,3583,,,2
132,158,Undirected,3584,,,2
132,164,Undirected,3585,,,2
132,166,Undirected,3586,,,2
132,168,Undirected,3587,,,2
132,170,Undirected,3588,,,2
132,171,Undirected,3589,,,2
132,174,Undirected,3590,,,2
132,178,Undirected,3591,,,2
132,179,Undirected,3592,,,2
132,182,Undirected,3593,,,2
132,183,Undirected,3594,,,2
132,187,Undirected,3595,,,2
132,190,Undirected,3596,,,2
132,192,Undirected,3597,,,2
132,193,Undirected,3598,,,2
132,194,Undirected,3599,,,2
132,196,Undirected,3600,,,2
132,197,Undirected,3601,,,2
133,155,Undirected,3604,,,2
133,156,Undirected,3605,,,2
133,167,Undirected,3606,,,2
133,180,Undirected,3607,,,2
134,135,Undirected,3617,,,2
134,159,Undirected,3618,,,2
134,179,Undirected,3619,,,2
134,195,Undirected,3620,,,2
135,139,Undirected,3661,,,2
135,154,Undirected,3662,,,2
135,159,Undirected,3663,,,2
135,162,Undirected,3664,,,2
135,166,Undirected,3665,,,2
135,168,Undirected,3666,,,2
135,171,Undirected,3667,,,2
135,179,Undirected,3668,,,2
135,187,Undirected,3669,,,2
135,189,Undirected,3670,,,2
135,195,Undirected,3671,,,2
136,137,Undirected,3734,,,2
136,138,Undirected,3735,,,2
136,140,Undirected,3736,,,2
136,141,Undirected,3737,,,2
136,142,Undirected,3738,,,2
136,143,Undirected,3739,,,2
136,144,Undirected,3740,,,2
136,146,Undirected,3741,,,2
136,147,Undirected,3742,,,2
136,149,Undirected,3743,,,2
136,150,Undirected,3744,,,2
136,151,Undirected,3745,,,2
136,158,Undirected,3746,,,2
136,161,Undirected,3747,,,2
136,162,Undirected,3748,,,2
136,163,Undirected,3749,,,2
136,164,Undirected,3750,,,2
136,167,Undirected,3751,,,2
136,168,Undirected,3752,,,2
136,170,Undirected,3753,,,2
136,171,Undirected,3754,,,2
136,172,Undirected,3755,,,2
136,174,Undirected,3756,,,2
136,175,Undirected,3757,,,2
136,177,Undirected,3758,,,2
136,178,Undirected,3759,,,2
136,182,Undirected,3760,,,2
136,183,Undirected,3761,,,2
136,184,Undirected,3762,,,2
136,185,Undirected,3763,,,2
136,188,Undirected,3764,,,2
136,190,Undirected,3765,,,2
136,191,Undirected,3766,,,2
136,192,Undirected,3767,,,2
136,193,Undirected,3768,,,2
136,194,Undirected,3769,,,2
136,196,Undirected,3770,,,2
136,197,Undirected,3771,,,2
137,153,Undirected,3784,,,2
137,158,Undirected,3785,,,2
137,168,Undirected,3786,,,2
137,188,Undirected,3787,,,2
138,145,Undirected,3802,,,2
138,147,Undirected,3803,,,2
138,149,Undirected,3804,,,2
138,155,Undirected,3805,,,2
138,167,Undirected,3806,,,2
138,169,Undirected,3807,,,2
138,172,Undirected,3808,,,2
138,173,Undirected,3809,,,2
138,178,Undirected,3810,,,2
139,162,Undirected,3826,,,2
139,179,Undirected,3827,,,2
139,189,Undirected,3828,,,2
140,147,Undirected,3846,,,2
140,149,Undirected,3847,,,2
140,153,Undirected,3848,,,2
140,155,Undirected,3849,,,2
140,156,Undirected,3850,,,2
140,167,Undirected,3851,,,2
140,169,Undirected,3852,,,2
140,172,Undirected,3853,,,2
140,173,Undirected,3854,,,2
140,176,Undirected,3855,,,2
140,184,Undirected,3856,,,2
140,189,Undirected,3857,,,2
140,191,Undirected,3858,,,2
140,198,Undirected,3859,,,2
141,142,Undirected,3876,,,2
141,151,Undirected,3877,,,2
141,158,Undirected,3878,,,2
141,171,Undirected,3879,,,2
141,174,Undirected,3880,,,2
141,192,Undirected,3881,,,2
141,195,Undirected,3882,,,2
142,143,Undirected,3902,,,2
142,149,Undirected,3903,,,2
142,150,Undirected,3904,,,2
142,158,Undirected,3905,,,2
142,161,Undirected,3906,,,2
142,164,Undirected,3907,,,2
142,168,Undirected,3908,,,2
142,171,Undirected,3909,,,2
142,174,Undirected,3910,,,2
142,185,Undirected,3911,,,2
142,193,Undirected,3912,,,2
142,196,Undirected,3913,,,2
143,174,Undirected,3930,,,2
144,147,Undirected,3942,,,2
144,149,Undirected,3943,,,2
144,153,Undirected,3944,,,2
144,172,Undirected,3945,,,2
144,174,Undirected,3946,,,2
144,198,Undirected,3947,,,2
145,167,Undirected,3949,,,2
146,151,Undirected,3968,,,2
146,168,Undirected,3969,,,2
146,171,Undirected,3970,,,2
146,175,Undirected,3971,,,2
146,177,Undirected,3972,,,2
146,183,Undirected,3973,,,2
146,190,Undirected,3974,,,2
146,192,Undirected,3975,,,2
146,193,Undirected,3976,,,2
147,149,Undirected,4004,,,2
147,153,Undirected,4005,,,2
147,156,Undirected,4006,,,2
147,167,Undirected,4007,,,2
147,169,Undirected,4008,,,2
147,172,Undirected,4009,,,2
147,173,Undirected,4010,,,2
147,174,Undirected,4011,,,2
147,176,Undirected,4012,,,2
147,184,Undirected,4013,,,2
147,189,Undirected,4014,,,2
147,191,Undirected,4015,,,2
148,153,Undirected,4020,,,2
149,150,Undirected,4056,,,2
149,153,Undirected,4057,,,2
149,155,Undirected,4058,,,2
149,156,Undirected,4059,,,2
149,160,Undirected,4060,,,2
149,163,Undirected,4061,,,2
149,167,Undirected,4062,,,2
149,169,Undirected,4063,,,2
149,172,Undirected,4064,,,2
149,173,Undirected,4065,,,2
149,174,Undirected,4066,,,2
149,176,Undirected,4067,,,2
149,178,Undirected,4068,,,2
149,181,Undirected,4069,,,2
149,184,Undirected,4070,,,2
149,189,Undirected,4071,,,2
149,191,Undirected,4072,,,2
149,194,Undirected,4073,,,2
149,195,Undirected,4074,,,2
150,151,Undirected,4102,,,2
150,158,Undirected,4103,,,2
150,161,Undirected,4104,,,2
150,164,Undirected,4105,,,2
150,170,Undirected,4106,,,2
150,178,Undirected,4107,,,2
150,185,Undirected,4108,,,2
150,186,Undirected,4109,,,2
150,192,Undirected,4110,,,2
150,194,Undirected,4111,,,2
150,195,Undirected,4112,,,2
150,196,Undirected,4113,,,2
151,158,Undirected,4130,,,2
151,177,Undirected,4131,,,2
151,185,Undirected,4132,,,2
151,190,Undirected,4133,,,2
151,192,Undirected,4134,,,2
151,193,Undirected,4135,,,2
151,195,Undirected,4136,,,2
152,157,Undirected,4139,,,2
153,163,Undirected,4175,,,2
153,167,Undirected,4176,,,2
153,168,Undirected,4177,,,2
153,172,Undirected,4178,,,2
153,181,Undirected,4179,,,2
153,198,Undirected,4180,,,2
154,166,Undirected,4218,,,2
154,168,Undirected,4219,,,2
154,170,Undirected,4220,,,2
154,171,Undirected,4221,,,2
154,179,Undirected,4222,,,2
154,187,Undirected,4223,,,2
155,156,Undirected,4238,,,2
155,167,Undirected,4239,,,2
155,178,Undirected,4240,,,2
155,180,Undirected,4241,,,2
155,189,Undirected,4242,,,2
155,191,Undirected,4243,,,2
156,167,Undirected,4259,,,2
156,169,Undirected,4260,,,2
156,172,Undirected,4261,,,2
156,173,Undirected,4262,,,2
156,176,Undirected,4263,,,2
156,189,Undirected,4264,,,2
156,191,Undirected,4265,,,2
157,180,Undirected,4269,,,2
158,161,Undirected,4315,,,2
158,164,Undirected,4316,,,2
158,168,Undirected,4317,,,2
158,170,Undirected,4318,,,2
158,171,Undirected,4319,,,2
158,174,Undirected,4320,,,2
158,178,Undirected,4321,,,2
158,183,Undirected,4322,,,2
158,186,Undirected,4323,,,2
158,188,Undirected,4324,,,2
158,192,Undirected,4325,,,2
158,194,Undirected,4326,,,2
158,195,Undirected,4327,,,2
158,196,Undirected,4328,,,2
159,195,Undirected,4338,,,2
161,164,Undirected,4366,,,2
161,186,Undirected,4367,,,2
161,192,Undirected,4368,,,2
161,194,Undirected,4369,,,2
161,196,Undirected,4370,,,2
162,179,Undirected,4386,,,2
162,187,Undirected,4387,,,2
162,188,Undirected,4388,,,2
162,189,Undirected,4389,,,2
163,167,Undirected,4399,,,2
163,172,Undirected,4400,,,2
163,173,Undirected,4401,,,2
164,170,Undirected,4445,,,2
164,174,Undirected,4446,,,2
164,178,Undirected,4447,,,2
164,182,Undirected,4448,,,2
164,186,Undirected,4449,,,2
164,192,Undirected,4450,,,2
164,194,Undirected,4451,,,2
164,195,Undirected,4452,,,2
164,196,Undirected,4453,,,2
164,197,Undirected,4454,,,2
165,185,Undirected,4455,,,2
166,168,Undirected,4466,,,2
166,171,Undirected,4467,,,2
166,183,Undirected,4468,,,2
166,187,Undirected,4469,,,2
167,169,Undirected,4507,,,2
167,172,Undirected,4508,,,2
167,173,Undirected,4509,,,2
167,176,Undirected,4510,,,2
167,184,Undirected,4511,,,2
167,189,Undirected,4512,,,2
167,191,Undirected,4513,,,2
167,198,Undirected,4514,,,2
168,170,Undirected,4580,,,2
168,171,Undirected,4581,,,2
168,179,Undirected,4582,,,2
168,187,Undirected,4583,,,2
168,190,Undirected,4584,,,2
168,192,Undirected,4585,,,2
168,193,Undirected,4586,,,2
168,194,Undirected,4587,,,2
168,195,Undirected,4588,,,2
169,172,Undirected,4608,,,2
169,173,Undirected,4609,,,2
169,176,Undirected,4610,,,2
169,189,Undirected,4611,,,2
170,174,Undirected,4650,,,2
170,175,Undirected,4651,,,2
170,178,Undirected,4652,,,2
170,182,Undirected,4653,,,2
170,183,Undirected,4654,,,2
170,192,Undirected,4655,,,2
170,194,Undirected,4656,,,2
170,195,Undirected,4657,,,2
170,196,Undirected,4658,,,2
170,197,Undirected,4659,,,2
171,174,Undirected,4700,,,2
171,187,Undirected,4701,,,2
171,190,Undirected,4702,,,2
171,192,Undirected,4703,,,2
171,193,Undirected,4704,,,2
172,173,Undirected,4740,,,2
172,176,Undirected,4741,,,2
172,184,Undirected,4742,,,2
172,189,Undirected,4743,,,2
172,191,Undirected,4744,,,2
173,176,Undirected,4765,,,2
173,184,Undirected,4766,,,2
173,189,Undirected,4767,,,2
173,191,Undirected,4768,,,2
174,178,Undirected,4816,,,2
174,182,Undirected,4817,,,2
174,192,Undirected,4818,,,2
174,194,Undirected,4819,,,2
174,197,Undirected,4820,,,2
175,177,Undirected,4833,,,2
175,183,Undirected,4834,,,2
175,190,Undirected,4835,,,2
175,192,Undirected,4836,,,2
175,193,Undirected,4837,,,2
175,194,Undirected,4838,,,2
176,184,Undirected,4859,,,2
176,189,Undirected,4860,,,2
176,192,Undirected,4861,,,2
176,198,Undirected,4862,,,2
177,183,Undirected,4879,,,2
177,190,Undirected,4880,,,2
177,192,Undirected,4881,,,2
177,193,Undirected,4882,,,2
178,182,Undirected,4916,,,2
178,192,Undirected,4917,,,2
178,194,Undirected,4918,,,2
178,195,Undirected,4919,,,2
178,196,Undirected,4920,,,2
178,197,Undirected,4921,,,2
179,183,Undirected,4966,,,2
179,189,Undirected,4967,,,2
182,183,Undirected,5001,,,2
182,194,Undirected,5002,,,2
182,197,Undirected,5003,,,2
183,190,Undirected,5038,,,2
183,192,Undirected,5039,,,2
183,193,Undirected,5040,,,2
183,194,Undirected,5041,,,2
183,196,Undirected,5042,,,2
184,191,Undirected,5063,,,2
184,198,Undirected,5064,,,2
185,192,Undirected,5079,,,2
186,192,Undirected,5091,,,2
186,194,Undirected,5092,,,2
187,188,Undirected,5110,,,2
189,191,Undirected,5151,,,2
190,192,Undirected,5177,,,2
190,193,Undirected,5178,,,2
192,193,Undirected,5256,,,2
192,194,Undirected,5257,,,2
192,195,Undirected,5258,,,2
194,195,Undirected,5340,,,2
194,196,Undirected,5341,,,2
194,197,Undirected,5342,,,2
195,196,Undirected,5387,,,2
195,197,Undirected,5388,,,2
196,197,Undirected,5433,,,2
